msisdn,imei_tac,brand_name,model_name,os_name,os_vendor
c0e80ecc67484f293db0cf723146c9d6,7ce90a5469d6a07dc8c770956cc29482,SAMSUNG,GALAXY J1 ACE (SM-J111F),Android,Google
2bce0cd398cbc9b2478ecaf1ef62b2c1,110f73736e1e1fe0ef5cb8a581bc0ec2,WALTON,OLVIO L22,,
d7b8b49fafb853a3aef0c20d49bca845,ddf90b7c597d7714637ecde342a8c609,LG,W1500,LG OS,LG
d628f3b548dc74c5fde92323c61c819e,c395eac49569e6741faf98284aef725c,SYMPHONY,B13,,
e33e767a53a8dceadebc3354221bbf6a,395b163b071e5880e66ac57c5768673e,SAMSUNG,METRO SM-B350ED,Samsung OS,Samsung
72f78dc2ae7857045b4551483b75858b,d64cd8af0738cb79bbe21da1558201fc,HIMAX,"H20, H21, H111, H222",Android,Google
dac6fe711e7f592b4c695175be5a552b,0b3697b11e5ebf9e71988274e12f8ba0,SAMSUNG,GALAXY ACE NXT (SM-G313HU),Android,Google
13aa941a42ab4c29d598a0c4fe1a981b,37efb3b8fbe269d7a3c62001c7e45fc5,SAMSUNG,GURU MUSIC II (SM-B310E),Samsung OS,Samsung
8ed54c77279bfe313842edab355d68f6,a214f011d36d222d6930629d0306198b,ITEL,IT5231,,
b15e7a71a459ba9a48ef6526c820706d,8a0150c6a9e697d20454931f423b29b0,NOKIA,3 DS (TA-1032),Android,Google
c93094db10fe8c60cfc1160edf730c48,61cd8b39ab39ecac08f5c8f90cb145f0,SYMPHONY,D52I,,
b060a4c25f9d868484af7b6fd3cd05d3,88e581b67db0c460c8ba66bbec4d0f7f,SYMPHONY,"B9, FT34, B11I, H50",Proprietary OS,Proprietary OS
c7804272216fd31734ac7490da9bdc31,3058d7c7b298c97da6a53eaffc0e2c2c,PHONE CARE AXIOM TELECOM,B104 JOY 3,,
3d10eab1c42bc039bc181376eb27072b,638748d45c096536851b5564a1122798,SYMPHONY,D22,,
f8b2fe29b2ca1e0bc685c814fd033fe0,1763505e0a70e2ed6763561e3150f332,MICROMAX,X088,Proprietary OS,Proprietary OS
465c7e27f7b51e4c4cf7e231e8e261d9,387411bb982ac7ded5c89fcd22c83839,NOKIA,3310 DS (TA-1030),Proprietary OS,Proprietary OS
d8f7c21713d16d6441dffddc72a28a98,ac3e6888147027fff3912fd304d15717,ITEL,IT5020,Proprietary OS,Proprietary OS
12cb44138eff6b6f61f39cccbad3abcd,4e90a0d4c97663817a639a85bf31d8e0,HUAWEI,Y5 (2017),Android,Google
483351b7ab287b1da2ac765f73b1d76f,f9676f4bf10656cb09c76511cfd9862d,LAVA,ARC 101,,
76ed97f48f0f3cc754a47775f3b3bc0d,f16733a2b000319dce737c7d416425b1,SYMPHONY,D22,,
861fab14139bb5f1c9af65771ee3b916,1dcf1b0e4122fb3fe2cca8e193661ed0,ITEL,IT5040,,
954c75552a829e724e1d8401e9bef3a8,4a4d862523689744f5dc9b1e7b0e6da2,SAMSUNG,GALAXY J1 (SM-J110HDD),Android,Google
d948d6b9672b5464ef31583ab4dd071b,d311f40280e220b18bd58fd967de1268,XIAOMI,REDMI NOTE 5 (MEE7S),Android,Google
21c932fc3b419b04393b7f7432b72270,aae11d9f32dec67df517863c0c772225,MAXIMUS,M80,Proprietary OS,Proprietary OS
e267b4a6901aa5bf5c4f84e9972be9b1,40c4a81d30666f647e8be9617b5639a6,SAMSUNG,GALAXY A7 2016 (SM-A710FD DS),Android,Google
edc63344e8375abc0b96fa4f3523daaf,387411bb982ac7ded5c89fcd22c83839,NOKIA,3310 DS (TA-1030),Proprietary OS,Proprietary OS
ee784578d3fef64140613f52bfd7e050,16dc9330eacb36714f91861e6187709d,HUAWEI,Y6 II DUAL SIM (CAM-L21),Android,Google
266a9dcfe4d5fece43bf24d9c07b7e0f,134ce86324bebf44cbe6343631189932,SAMSUNG,GALAXY J2 DUOS (SM-J200G DD),Android,Google
885871cd47edd517d0898dd9c9552d37,456198ab9e9c39b2d716e6650dccb660,APPLE,IPHONE 4 (A1332),iOS,Apple
f03a3d2e29846e1125259852918e9be5,aeb43556a54582c33ef783a52afdd8ff,SAMSUNG,GURU MUSIC II (SM-B310E),Samsung OS,Samsung
64a459e5be60e9f16e9a8d7c725681e8,6dca263723c9a6bff8a88db631aa24d0,SAMSUNG,GALAXY J5 PRIME DUOS (SM-G570F DS),Android,Google
f42e4f445ac0537bdd146517159dec5b,028d4f730245a7bd3a948c228b8aff97,AAMRA,WE B2,Android,Google
3b3f6ea914ecbf25525785fc79e28baa,7d3eb13234a1ab38c4016f4a4ec650bd,SAMSUNG,GALAXY C7 (SM-C7000),Android,Google
14f23101b2b5198d4c549f59f6dba7f9,92eb976b41de5b5070973c637d6bfeb7,SAMSUNG,GALAXY J5 PRIME DUOS (SM-G570Y DS),Android,Google
6207340895367d77a18b64b1cb756335,151082ce9ce8e4c638d8e45ccc028baf,SAMSUNG,GALAXY GRAND PRIME VE DUOS LTE (SM-G531H DD),Android,Google
51f9ed2dd10ff41b03add6d1653ddcc4,d625f2751de4b11c1b3f11daa8124eb5,SAMSUNG,GALAXY J7 (SM-J701F DS),Android,Google
f1daebdab22428f2f78675ea67f59b5a,c395eac49569e6741faf98284aef725c,SYMPHONY,B13,,
b19c7900e75b97b950c120cc5611dd46,4bd71c37e7ed0dfe6f5a770e694bed29,SAMSUNG,GALAXY A7 LTE-A (SM-A700FD),Android,Google
1e4eac7b94d99da4afc12e0f8eb0727f,7e2931323bde89e32d0d5696345ad284,SAMSUNG,GALAXY J2 2016 (SM-J210F),Android,Google
f4d79c32807fe4526a03061855b5f230,8d86b4911ce56087fee74f57f9dd8c20,SAMSUNG,GURU MUSIC II (SM-B310E),Samsung OS,Samsung
88d27510adcb3b9414f07bfe7688a0d3,f6028db2c8618fb1498527636dbe176a,SYMPHONY,B17,,
50b3af35079780fd14b8fdd915c9f41e,40157de080efdcac6e8b9fce74f5e282,XIAOMI,REDMI NOTE 4 (2016102),Android,Google
6624c9f3e7703cb9539e46e89e61971d,a79c4e9576298cab2a5316a3dd4de4a2,SAMSUNG,GALAXY S DUOS II (GT-S7582),Android,Google
ff93c8f05ba91d825a8bd902ca419b3a,540e7f49e3b0009ac2f7d7ddb0bf511a,SYMPHONY,T160,,
1261b39ef58a43b887e6e4cb6527ddde,8941911d6dc6a6dd0bcf2e84b808166c,SAMSUNG,GALAXY ON7 DUOS TD-LTE (SM-G610F),Android,Google
2517372b34c70d7253092278001a4e9d,445035141fa0d21fc9cc160f0355634b,SYMPHONY,I10,Android,Google
563f600301966e5b6197929d97c9bb43,4585b775d0a068db8f8f5c07a09659a5,HUAWEI,P20 LITE (ANE-LX2),Android,Google
31754423247dc6256def724b84001690,a838d0b67fc0def966d330b8e9c3f638,OPPO,A37 (A37FW),Android,Google
f19393e7659134fd1c2ed79aa19fdcf5,1acf2e69695b9ac369e112d0f9e18419,WINMAX,"WX82 WX83,WX90,WX91",Android,Google
d74b048fc4c881e155bc7173a2286e09,921f1b7ef3fdf84a5fb031292f0a313b,LAVA,DISCOVER NEO,SPREADTRUM OS,SPREADTRUM
7415bf33e0447ecd1f59c9d3005c03b8,35620aaa06fe766388f63a638fa0cd91,SAMSUNG,GURU MUSIC II (SM-B310E),Samsung OS,Samsung
0d9777144e11856aeab0f8e4019e0ced,19174437d67408b1722b29f2800f09a2,HUAWEI,Y6II (CAM-L21),Android,Google
d97472d7406750d6d236bc5ca0d7b054,2dabf8088b707c7575c7db324d227b5d,SYMPHONY,BL65,,
dae725b4da788e4b5a739ebc8c80df30,d43a093b99093017e7ed911cb9e1a020,LAVA,IRIS 870,Android,Google
efd4c83fe6c1e560900f07f6a2613330,9827ac5005733e46bd5ca592b6aed076,SAMSUNG,GALAXY J2 DUOS (SM-J200H),Android,Google
6235e7b16eef123f55d5a9239fe3cf07,03989b317df16f4786814fee50c9d585,DARAGO,"301,I6,V1,V60,108",Proprietary OS,Proprietary OS
cc3a902d3e7e55cc4c051fd8af3398a1,e521c3f7a7ecdd67e2d4394df6dcb91c,SAMSUNG,GALAXY J7 DUOS LTE (SM-J710FN),Android,Google
661db89e79ae7e6e834fda164282afa4,5576b76dc41e211728cb406b13b5c30f,NOKIA,216 DUAL SIM (RM-1187),Nokia OS,Symbian
d49a7b87016a8065f13ce1cef089ec6a,bf4a73847de0b58802bec282454fea4d,SYMPHONY,P6 PRO,Android,Google
cb5e24be90060bcefa1a2a00896b8393,bc6fd28e3790342ed003cdc5c1dac81e,SYMPHONY,E58,Android,Google
d37d7d76bbbd6242308fe4fc8a435ab4,24a2ddb18a0b4cfa6c8d173e83616f05,WESTERN,"D2, D3, D4, D5",Proprietary OS,Proprietary OS
715e51c5f40883c89fa09f0c05e0b419,b52033c96b3656259e2921186b1144ab,HUAWEI,Y5 (2017),Android,Google
97d6aae78c375f96d640f98bd86016d4,8bfbcaa7da0549165389ae31159228b6,SAMSUNG,GALAXY J7 DUOS (SM-J700H DD),Android,Google
67a0caccea02f67592bff5e017731081,3bea0f0d9662b6fd9177a0194c53f782,NOKIA,150 DUAL SIM,,NOKIA
267780d74ffc130934be03d2b0f06604,fae2dccac5e70e605facad60192ba7be,NOKIA,215 DUAL SIM,Symbian OS,Symbian
c746cb00b493349dc57f16474dd8bba0,be8601eeba4c31fee79750f4345afd45,HUAWEI,GT3 (NMO-L31),Android,Google
b8dd469bad15b582a7ebe87f5c6e7dfe,ec8d6d1f63ac724f517000ca31b029fc,OPPO,CPH1609,Android,Google
8b7539630b7b8a89b327e0399629e1a9,157ab71eb007998f57292ac5b8bcbdf1,SB TEL,"BL60, D54I",Proprietary OS,Proprietary OS
9adec9f19055baaf5b903e993987556c,ce0c695f3a2c0ebf1d0855526eaed361,APPLE,IPHONE 7 (A1778),iOS,Apple
a19337f6ed7d2fcfc8f9705eb969a01c,7da0e60dc8e2156e6e21d2e76eefcf62,NOKIA,216 DUAL SIM (RM-1187),Nokia OS,Symbian
3892735cc6e2f1cd7eac3d184bb59a69,2f62e91a8ab073bd3a2a0c7bcf7a342e,LITEEL,LT2407,,
052ef6c448beff4c7b17f6eab6f1106f,1269194ee612dea34cf4ab49a36c6e67,SAMSUNG,GALAXY J7 PRIME (SM-G610F DS),Android,Google
801d78af423aaf7c0dc484e31880b76e,d915ccc3169fcd92e3273f33af330e20,SAMSUNG,GALAXY J1 MINI (SM-J105B DS),Android,Google
789f7a30e46ae45e05d58688c53ba90b,a171ced71cff9c964354561a8af2c877,NOKIA,105 DUAL SIM (RM-1133),Symbian OS,Symbian
cea28c423723af21a58ac5b8564a5a56,da1718e2c3a2ce81f102d9b1ee695336,SYMPHONY,"T7 PRO, D24, W75, W94",Android,Google
16f310ed95fd87560e01e27406fffb34,d1a8717308edc95eadf4fa519acaf002,NOKIA,105 (RM-1134),Symbian OS,Symbian
8ebcec75f2f9cfa09bf9f24b52bee03a,76b85087941aa96acb314fd0b1d2f051,SAMSUNG,GURU MUSIC II (SM-B310E),Samsung OS,Samsung
9eb6e7dd66186ea65b9bf578523ce261,e7ca3dfd2079f2f6ee3dafd09980e068,OPPO,A57,Android,Google
6afae14731fe0abae25c925db3867a4f,268edc19c4e7775fcceeff25adfb81d0,,,,
230e65ac08926339604334aee9ccd788,9025d7adfc250f6b692ff83fee676c5a,HUAWEI,Y3 (CRO-U00),Android,Google
e9226205e761700ca51be01f58028678,c11b65d7c4da35ae7ea8182078953df0,SYMPHONY,V110,Android,Google
a94a9cc094291cfd8008a2c147ed02b1,54a13555b920a2e3202398d220985d74,NOKIA,6270,ISA,NOKIA
c3b01930283f343092db2bdd71bd1c87,bb287b9dfe87016abbcc27025fc8a85e,MYCELL,C2,,
9e264d996f92b0e2346dbeaa7ef278cb,70a7607817808328fa4eff143bbdc5d4,SB TEL,"BL60, D54I",Proprietary OS,Proprietary OS
95f088f755d3c11550b9f1ed184b4210,0d6b71468145370502c728c96acb1ce3,SYMPHONY,"W15I, W31, D32I",Android,Google
6a6aa12cee7c831e7bc058864f3113f1,11d9b75cfe2921f27b96bb98448d6af8,OKAPIA,G3,,
fe87da7ab934b4d602710dfd83e05341,b8b2ce87a0487029f82f496b7b7cd08c,SAMSUNG,GALAXY J7 DUOS (SM-J700H DD),Android,Google
fd0fc4f54d80a294d24b014175e94744,00fee679f6ac8a4bdd10e211c86ce6d3,SAMSUNG,GALAXY J2 2016 (SM-J210F),Android,Google
69c89d9d030bab5932a4ef4aa13e9d98,4f58b3047c1f770decbafae2e3356f7a,OPPO,CPH1803,Android,Google
7b7c649ba06e14b811e1c42d9553804c,a19a83e52fdd167323e4aba56d7ab7e1,SONYERICSSON,XPERIA T,Android,Google
77d29c7f5494e5de9cb9d7b80d15d0e8,27cec7bcf0f9233a03c510f9e911afb9,SAMSUNG,GALAXY J2 (SM-J200H),Android,Google
f7ce18d5d5cb487b226e82968af6a30d,b1d0229373eefd18c6518732b7f57cbc,SAMSUNG,GALAXY ON7 PRO (SM-G615F DS),Android,Google
69427b163391f3c66e63e1486dcee08d,552011a6ac0425d5494fee3acc773181,WALTON DIGI-TECH,PRIMO E8I,Android,Google
ae31ff1a95105f79fdbb457e513fb7b4,41cf43a241734cab93e27cc494c6d794,NOKIA,216 DUAL SIM (RM-1187),Nokia OS,Symbian
54389c404b21eb846acd0734dd77a453,3db8974ddbbae504928fb20ed46f2330,SMART,S-36,,
b9087f67d631c37295fd10a7f5f3562b,7aa1b0607c6e8c80da433d318705f00b,HUAWEI,HONOR 7X (BND-L21),Android,Google
161dda4e31246ca5dc44e9c626b9e7c0,d85c9379fdf0ef707388f2e9f5199a6b,SYMPHONY,L16,,
07cd09840cdcfce727966933f90f60f0,a4c5ede5c6bba04766c46fcc595ad163,NOKIA,225 DUAL SIM (RM-1011),Series40,Symbian
41564dadcd88ded800b95472231c4ec9,b04d121a9aa573a19e78944d24d7683d,SYMPHONY,V120,Android,Google
27669616bf9c114b7e5ff9cfa75d1f57,d8244279afc0a91870a481c6a097710f,SAMSUNG,METRO (SM-B313ED),Samsung OS,Samsung
54ad3da088449184de94edf0c8fdc158,dd2c2a9abdcf1665c53f32dbb5cb386b,SAMSUNG,GURU MUSIC II (SM-B310E),Samsung OS,Samsung
2e7d109c8f40bafd5cdf8e0a90224dfd,d03a7ab9f7e78b3cba4f719a740cf139,SYMPHONY,P6,Android,Google
db4cd61d84d452f9a5069a4ab53f8d22,63497efe88a050a2c4bf33d563d21172,SAMSUNG,GALAXY J7 DUOS (SM-J700H DD),Android,Google
b5e81a9d6715d94f17d28e00c1d67575,25307c186dfcd86916eaae1a88239369,WINMAX,MH23,,
17212a59fb7b55a67f922974c8e37ab6,7664583ddfadb8d4f537ccedaed08186,SAMSUNG,GALAXY J2 (SM-J200H),Android,Google
23ddef46c6b6b95dc19fcaeb01d6b7a4,a935bac4997d19c79a8d6d7f5d0a6f93,,,,
5605af5b9e8b09abae3a917abb4f6146,dc93459f86a43d0b30566b7abb0e3168,SYMPHONY,"B16, T49, ZV, BL55, T8PRO",Android,Google
ad15a57caa5e1a87d98c6b36b3fb6eac,3bea3687d1bae1016df6e16bc87c39a1,MICROMAX,X088 PLUS,,
39ee25e77398ff57ee6109736bf09bb1,ad64368ee3ee572f421dc2029b5766c4,WALTON,OLVIO L7,,
99a2c3b2f7a8b29f2186efbd3ca749a0,46dab02125a8d1a5ca4dade98684d470,NOKIA,1100,Symbian OS,Symbian
40b6d3ca1166e7698567f615ccac55b7,6cd2b1e50c16a4627285aeddeec45377,SYMPHONY,"B11, L30, D31",Proprietary OS,Proprietary OS
9e77c006d14b5e98876e4737ff8e95fe,82fad2455ea7a7476d581129b9ddb1d3,SYMPHONY,V42,,
5ef9e9e98ed27e04dd3722097a714e24,cd1736f75ef6a8ffff1a02107924a1cc,G-PHONE,GP21,,
da6052afc10372800af871e3ad6ef855,41c31b1cc40bbacf0fc5dc57a7cc38a1,SAMSUNG,GALAXY CORE PRIME (SM-G360H),Android,Google
ece56279831202384a33d90089196c8c,690eafa3fc0f4ee64de91288d39dfd93,NOKIA,215 DUAL SIM,Symbian OS,Symbian
165efc9644c7bb79ac913a4d64b8697c,ad64368ee3ee572f421dc2029b5766c4,WALTON,OLVIO L7,,
6b9c198b94cf225cae5e1d8d67d6a97d,8e8053dc411094652657c970e0909a0d,SYMPHONY,T105,,
0a48e1f5c0242d88b0d4f22fec163491,5fc6ae25a554d04bf22b4c71ebd68d22,SAMSUNG,GALAXY J5 2016 (SM-J510F DS),Android,Google
586469fadbf7e50c950c317a075502cf,f2a1f5abed7f58d125cac0ae1fbac437,SAMSUNG,GURU MUSIC II (SM-B310E),Samsung OS,Samsung
b833071d8ed055c2382a6583430439de,5e264d98804664d75078f9b4bfbdf280,SAMSUNG,GURU MUSIC II (SM-B310E),Samsung OS,Samsung
ae4a75e2e888d6cf6415cd242d69db29,535b5c3dbc2f2acb8c2fd834b9b6ce8a,SAMSUNG,GURU MUSIC II (SM-B310E),Samsung OS,Samsung
e25028c1458a803541ae6968475aba6e,3441664490dce5d77ed39b819bf4387c,SAMSUNG,"GALAXY S DUOS (GT-S7562,GT-S7566)",Android,Google
387d5009f6a8988f33c129ce39474bd9,0717d6a82bafa4d20c4c26fa9b43cd02,MOTOROLA,MOTO E (4TH GEN),Android,Google
2b02c557611d7bd2e889107cf1dbc71c,f1c07d410dbd05d1ae0a8367170435c9,XIAOMI,MI A2 LITE (M1805D1SG),Android,Google
693d25748c684dfd757af7035dbecc15,b6ef9b4ab2d433948184e75267445a60,HUAWEI,Y3II (LUA-U22),Android,Google
436931100e583e192558c02f2cce7f96,76752ba00c3bc923b1b8f1d9c126fd2b,SYMPHONY,R20,Android,Google
36057b6b497bed58730a4a94f122187b,c6da9c79b1355c512936627200d2a411,SAMSUNG,GALAXY J7 PRIME2 (SM-G611F DS),Android,Google
d766d8f76cc8385fd72a5ffcd509d169,619ad2b96db927fbdf44a488894ad248,SYMPHONY,"T80, S200, W14, M44",Proprietary OS,Proprietary OS
82aad99281b91766a4736885ad21a1aa,be72759939640427b4c9c350a689c52b,SYMPHONY,V75,Android,Google
3db6390b4098a7d5a83eb6fad078b741,95721c2f55e4ee58e86a12de330d5d7b,KECHAO,K66 PLUS,,
1a8de7b8bbc92ae01324e6714680b669,1257d95f7208d593f05e9465f04146ea,SYMPHONY,ROAR V95,,
7a85a2fe4579ceec3f8eb3d8f012e17f,4e6e1f4fe6d741ef0e14a13aa833895c,SAMSUNG,GURU MUSIC II (SM-B310E),Samsung OS,Samsung
94f201f3598a0c6529c1c159fae7058d,f4c7ff4779df46e274ebd214f8daa9a1,HUAWEI,P10 LITE (WAS-LX1A),Android,Google
124a86784f76b14b3190b8113648a431,748521fc6047b48b98123b406f8fd433,SYMPHONY,B12I,,
1f2ef539ec71e349af01ead7d841f30d,ca772930521b2bfbc83808fe5a9cf660,NOKIA,105 DS (TA-1034),Symbian OS,Symbian
eb3a9b1c4f47189652013c43d5ea3bd2,f989b2cda580922776d888c3cce26836,SAMSUNG,GALAXY S9 PLUS (SM-G965F DS),Android,Google
0b071a0e9f1f17cf4028d18df2c5d814,cbcb58b79a7d1b7028ff8cc271e6860e,SYMPHONY,D101,,
bedf020332e29451538e41530321647f,9025d7adfc250f6b692ff83fee676c5a,HUAWEI,Y3 (CRO-U00),Android,Google
260b44430dde43332a679951b8a5adfc,1b0fb54f288f50f45fae0f6a6dbee36a,NOKIA,108 DUAL SIM (RM-944),Series30,Symbian
334c01ccb9c12dbcc8d5aca61a225808,e2b3cc1f5464ec696f5817c288ebe578,SAMSUNG,GURU MUSIC II (SM-B310E),Samsung OS,Samsung
4818cace5d4423e1615789560f9dd4cf,391483644108db7363438aa69b7c6498,SAMSUNG,GALAXY GRAND (GT-I9060I DS),Android,Google
bb573dae3d066c7af88950c5dd0fdb36,9db82d1d29aa619dd3a891fac03b2d61,NOKIA,2610,Symbian OS,Symbian
49eccbf4ee40d3e7f1548c16645cf7fe,fe053b2d6c8ab0da07b1e422e4330668,LAVA,IRIS X9,Android,Google
aeb13d0a964e939d1d44995db954f3af,21569d9b8f1c6ee289b4dfbd41a1cff2,NOKIA,"1280, 1282",Symbian OS,Symbian
75ce4de5b8853fefe2ba617ab921224e,836502880b3c0906c12fb4ef4f7fb206,HUAWEI,NOVA 2I (RNE-L22),Android,Google
928318eb3abf4625ef86539a5978a003,542020b1ac420ca23e15125041edb055,NOKIA,130 DS (TA-1017),Proprietary OS,Proprietary OS
ee39fe2d4389eab36b50859fb1ff0864,1788ef704b266038a6c0a67b74a8bd70,SB TEL,"BL60, D54I",Proprietary OS,Proprietary OS
c13093cdb57c486199ecfbab23571866,eb87da58ea1f5b9c0fdae4d308bb42c0,WALTON,OLVIO ML7,,
a6286070cbbe37dba32b80afae868897,472357714ec6131c1db18838dbb90ac1,KINGSTAR,"M4,X1",,
e7f15979dbdeefb0d7ccb3327fbfe46a,9025d7adfc250f6b692ff83fee676c5a,HUAWEI,Y3 (CRO-U00),Android,Google
e14db66a0c6ec32cb475132cc110d0d1,00fee679f6ac8a4bdd10e211c86ce6d3,SAMSUNG,GALAXY J2 2016 (SM-J210F),Android,Google
2970f96a21a78134eb7dcdfcb04a9691,5b72f354188bd0bab3c787600e9005b7,SYMPHONY,M150,,
937068497a2e64e67ab5840917e7dccc,13b33317a9f93e755d9284650703b4a6,HUAWEI,ENJOY 5 DUAL SIM TD-LTE (TIT-AL00),Android,Google
91f2734c0627bfcf6e75a0320f1202a1,1b93d28eab34f728968b9d2ab4be8834,SAMSUNG,GALAXY J7 DUOS LTE (SM-J710FN DD),Android,Google
7dfdbc05ba69d7474d4d4104116afd7d,e0618a03acd1fa682b8d42bdac7836d5,SYMPHONY,"T100, L22, B14",Proprietary OS,Proprietary OS
3ee2e791d26cd6f7648a5e556b4b1647,3bea3687d1bae1016df6e16bc87c39a1,MICROMAX,X088 PLUS,,
c28dd667a450375a4d7a3d40e9899e8e,3b8972792853a53a27eecd2c8247c2cc,FIVE STAR,"A101,A102,A103,A104,A105",Proprietary OS,Proprietary OS
742dba0200c3bf9897ff754556d74b78,c60e1d44a75bec6f66d1d7c53a895804,SAMSUNG,SGH-B110E,Samsung OS,Samsung
e616b6367496dec698954fac662875e9,6ad2cef502a017fb6fc6ca24eb59f3bb,LINNEX ELECTRONICS,LE28 (LINNEX LE28),,
d9ef36c401149f6b0908decec7eed77f,a3bce25ea448ff0aaec9566d43deb18f,SAMSUNG,GALAXY J5 DUOS (SM-J500H DS),Android,Google
30d5a8dae4e8a7cf0766f4552a60d166,3d869d59c6c3bfacf0108a5202d3e5d1,WALTON,"PRIMO G5, HM, E4, F5, H4",Android,Google
9e1f5f2f5c5bbe56af0d107a5056a11c,c2c55d239eb7d9868abe88e54eb6c46b,SAMSUNG,GALAXY J1 (SM-J110HDS),Android,Google
4d5acbab1627bdf119532ddc558d6eae,31e9bd461d370ebc7261deb833936774,SB TEL,"BL60, D54I",Proprietary OS,Proprietary OS
5c1a6374609f464599594e189d490222,40c4a81d30666f647e8be9617b5639a6,SAMSUNG,GALAXY A7 2016 (SM-A710FD DS),Android,Google
7644583b0adc7a835d28211dba59e5ed,b8756e191bbbf539c2d96751e0649194,SAMSUNG,GALAXY GRAND PRIME DUOS (SM-G532F DS),Android,Google
d87686c37287f34f52ae6b0c6a06b84f,1a96f892b6b7944555e5e4454f81b1df,SYMPHONY,I60,,
12b132a4a1d7c8a562055b502a312c0a,51c266c5b805b9dc1438ea58b35eb125,LAVA,IRIS 820,Android,Google
d937609271b9122681100b8276ae2644,20b38a21a3c2b6341bfc53a788ff8f3e,SAMSUNG,GALAXY A7 2016 (SM-A710FD DS),Android,Google
75abb1a04c92b1f5ea8896dce7a10cd9,019c715f8b8543fdfc2b5b2230a4f2b5,HUAWEI,Y336,Android,Google
a7f03052ca3d84ccaf0873921a78cbe2,f6cb438228163a8bb01a118a54bd6a1b,LAVA,IRIS 50,Android,Google
41f729926d4f3edfbbc53b6bc72a08f5,5f9648949e593d4b277c73d087fccab1,SYMPHONY,"E10, E60, ZVI",Android,Google
3fe1d7b82ce28b9c52fa4ca840dfd819,63b0183aeebb6694d5f49f3db005b5de,LG,K10 (K430DSY),Android,Google
1893e835a2188312d03744d3e1b4cd1b,0557bc284635d29723d0c33aead43b66,SYMPHONY,A10,,
d952165c0b11a7f480c74a4e94b7aa34,4680d5a6f9dc414c73455a27f8bd46db,NOKIA,3310 DS (TA-1030),Proprietary OS,Proprietary OS
e18858fe1030384aa019cda8470eefdc,39fbaac76133aa07c15657dfd19c1bf5,SONYERICSSON,XPERIA Z5 COMPACT TD-LTE (E5823),Android,Google
b5be868a041d4fd1a823d401484341f9,63497efe88a050a2c4bf33d563d21172,SAMSUNG,GALAXY J7 DUOS (SM-J700H DD),Android,Google
02199950597dc6a12df7dfc7d128aa75,d9497a418d49810ba3d53f2ae67e927d,APPLE,IPHONE 6S PLUS (A1687),iOS,Apple
9d9521e131fbfaeed4bbd567233408dd,08dff4d42b781bb0791b4c8be4486775,NOKIA,1208,Symbian OS,Symbian
81ed1a07d8434ccdf842e6335752aa30,b4682c8aa97b141c1639060dbe6dcf46,AAMRA,WE T1,Android,Google
3f402670d3452a588d848a226832f5d2,28e370e2fa1670d125f37345126f1fc4,LG,G3 DUAL SIM TD-LTE (D858HK),Android,Google
ace3f861c44b13cc85107fff84dfa1de,c11b65d7c4da35ae7ea8182078953df0,SYMPHONY,V110,Android,Google
60ea015871ffc8f6f06590f24bede556,7101c874645180354ffdc292d3dc8ce2,OPPO,F3 PLUS (CPH1613),Android,Google
8f0ed4f664997ee69387cc7b9925ce67,9a20ed3062cf1390f24a7497da2a4b0f,RAJON,"FIVESTAR B-56, B-66, B-76, B-86, B-96",BADA,Samsung
34471b0895d77e3a08a65d6c2268e61d,17ee7ad1f4f2fddde683896d4420a3dc,XIAOMI,REDMI 5A (MCG3B),Android,Google
0908c70b2e87d02402fbcb7510557dbd,261181addf07659be6652f4638a94703,SYMPHONY,V85,,
03ea4c8dafe33031cf8c33f82a19b9b7,18144e4ea390c34448ff3d0e2fa7dd78,SAMSUNG,GALAXY GRAND PRIME (SM-G530H DV),Android,Google
a37ec854e47174c66dc0df1320713881,4cb18d6bc609443886396436a5e8f218,NOKIA,2690,Symbian OS,Symbian
d8fd4237f95afd1b95491a364b6e64c5,e4689599e66e0a454e76a7ae8d67d31a,SAMSUNG,METRO SM-B350ED,Samsung OS,Samsung
7f8e6ea962b75a42f560f3d407cb89a0,253c916dbe836085fa2b768812687c94,NOKIA,"ASHA 300, 3000 GRAPHITE",Series40,Symbian
c2833ffd6a854ef5bbe6667985a9fc7f,d0066bc769feeb55225a63f325ea8370,SAMSUNG,GALAXY FAME (GT-S6810P),Android,Google
97bd3a199548331c4cdd19882a223e8d,0d182646774c7be4fde310be4346c5f8,XIAOMI,REDMI NOTE 2,Android,Google
66765ed65e0574161ee1deb84d5fb2e8,5793b3c214e9e68c6af710a1b9c30761,JIN HUI MA,V11,Android,Google
7e17cba4ee59690fe021902e4ae4aba3,8bfbcaa7da0549165389ae31159228b6,SAMSUNG,GALAXY J7 DUOS (SM-J700H DD),Android,Google
eaf1b8656a1133811de47607f73782b4,382de4619d578d5ce6fffd3d85a18610,SAMSUNG,GALAXY CORE PRIME (SM-G360H),Android,Google
45eaef1d41cb7d8e8cdfbcaf4514729a,00fe8baceebdf297ea146f909f58050a,G-PHONE,"GP14,GP15,GP16,T66,T77",Proprietary OS,Proprietary OS
8ce30fdce26c4698844f44ac16bc2546,0e4e6fb3550da3d03c6f3a1c53574c33,SAMSUNG,GALAXY A5 DUOS (SM-A500H DS),Android,Google
2f8d7538db08bd5cd71b5bc6421d7c98,c3bf309902187578ed18b0ddf22fc6cb,SYMPHONY,H120,Android,Google
794fa5cfe846872526eaa385ff3ff6fc,c11b65d7c4da35ae7ea8182078953df0,SYMPHONY,V110,Android,Google
6647e8838e61d9a55e373ab79362daad,fbb16444bf2d311ce05ea42ec6a5792b,SYMPHONY,"D27, W19, L25",Proprietary OS,Proprietary OS
7fa272e115a1ed732f96533876b299bd,da936e2fbc699fd286178b8c7a6af1f0,HUAWEI,Y5II (CUN-L03),Android,Google
4a935216c8cd76a67134a0c8b92c0ca6,ceac4b994a5b48747c8b6ace866ad3b4,OPPO,F1s (A1601),Android,Google
8aff13fd213e158bf006483e3eb58dd6,f4b40b4bc78568f40476b9831d411805,SAMSUNG,METRO (SM-B313ED),Samsung OS,Samsung
91a91254a771a043634a06b79407f81c,fe0f33e22d17700f2c99ce20d75ac237,SYMPHONY,R30,,
cd4abfbbe126133f1c0c2b77e7c2715a,f2a1f5abed7f58d125cac0ae1fbac437,SAMSUNG,GURU MUSIC II (SM-B310E),Samsung OS,Samsung
00c6928110547ae94664f7423842b065,f808678d6fcbdbe67f31d0a046b9badd,LAVA,KKT04 PLUS,,
480d9be657926ba67125408581b49502,88c1c9423ed3cd434807ea695528b8da,XIAOMI,REDMI NOTE 4 (2016102),Android,Google
2406bb51c82d4628549689c932ae2f74,813d0ab39de4ac5a5515843645c85f99,SAMSUNG,Z1 DUOS (SM-Z130H DS),Tizen,Samsung
2d6afc6bac7ee0e8e7dd608313b514db,3814a423e3cdb6027053c45156ae038c,SAMSUNG,GALAXY CORE PRIME (SM-G360H),Android,Google
2668b5c644e77cd450274a52a7881aa8,5d0c6c9900779386efc1c7318e684a4f,HUAWEI,Y541,Android,Google
ec83495aa60283cc485f74a448a60bd7,4e90a0d4c97663817a639a85bf31d8e0,HUAWEI,Y5 (2017),Android,Google
599511ae8f6bc509934607c06311df15,e7ca3dfd2079f2f6ee3dafd09980e068,OPPO,A57,Android,Google
0cf3eeb687467f7948566e3d70de0c2b,399d8aaf001996da375ef6be11038e84,WALTON,"OLVIO ML4, L16, ML5, MM11, MM12",Proprietary OS,Proprietary OS
1dec2d94a6ce64c071b39004d2d4637f,26ad97b543d8ec7944d84ceab3d6ab54,STIL,"SGC-01,SGC-02,SGC-0A,SGC-0B,SGC-0C",Proprietary OS,Proprietary OS
d816c0fc36985fc3c56cd9743217f2b9,51c0465eaa0b245a5446088d5abbec10,WALTON,PRIMO RM3,Android,Google
3a3efd731e97633dd7d9c0b2924e2afa,c5dbe1d25ed123ac3f427643dc3e1991,SAMSUNG,GT-E1282T,Samsung OS,Samsung
ee5755d39182b4026dd8e4b32d722902,3694c118609e7fd038bb0b9e0a457843,SAMSUNG,METRO (SM-B313ED),Samsung OS,Samsung
f24b791920004dbaeede522f0eeda5e3,f4b40b4bc78568f40476b9831d411805,SAMSUNG,METRO (SM-B313ED),Samsung OS,Samsung
147636198cc012383cd49d66d02bc37f,1788ef704b266038a6c0a67b74a8bd70,SB TEL,"BL60, D54I",Proprietary OS,Proprietary OS
bbe8c653dfc0b23fda778a14feda89ef,52612488f0e7cc1749dff3fa4969d8ba,TITANIC MOBILE,PHONE T-7,,
e556e23b91a094cb0dff57aaa8f9b8c1,a1dd3db65369cc2120251c6dc983ab89,SAMSUNG,GALAXY ON7 PRO (SM-G615F DS),Android,Google
db62e72ed5f671af20b9578cfd024928,f2e935469f6f334ea17f1ab676c1b217,SYMPHONY,L50,,
f2ffaa768d579ba7842f26fdec7751d1,7f643274f193c5242fb686fa8dbde6fa,NOKIA,220,Series30,Symbian
072b12e000f6b18873570f77c58c6fae,6aa06bb09e7bd64dbb35619b1cb2b4f1,LENOVO,A2010,Android,Google
53f2c78db49f59b47eb3f2a8a44e021c,a8e113e57482874cd07a4d088b2e2d9f,ITEL,IT5232,,
93d26571e7edabefd7b3c0944e4cce66,d98fa68415dbaeaf70ba1ea546c12ded,NOKIA,107 DUAL SIM,Symbian OS,Symbian
29a8178037f8addc8e8f92fb5ec5a074,3a17976284ec1613d57156a7265e984d,WALTON,OLVIO P10,,
edf16817ada58fac4f2769029885ef30,8f26d9de5ddaa4c8ae73f342a3390088,NOKIA,112,Series40,Symbian
5918397edd1e5466715bdcb72040a949,5e6f25de8676a2de274ae0a52044aac6,SYMPHONY,L24,,
d73adcf252bc66393ea10fdb2952bbbf,be8601eeba4c31fee79750f4345afd45,HUAWEI,GT3 (NMO-L31),Android,Google
3fe909c7050fea38fdf127b27abb2e8c,bbc46d2382c72307438269c8e9bd496f,SAMSUNG,GALAXY J7 DUOS LTE (SM-J700F DH),Android,Google
bf4ff99bb74d1766b42f6b92859ba4ca,412fd5bc4f19cb18fcd2bdc0a37886a8,SAMSUNG,GALAXY J7 DUOS (SM-J700HDS),Android,Google
67b5b916ba8cfb9628ab1b894b75e5eb,88d56dcb1dfbeec3980c8df8c913888f,VIVO,1727,Android,Google
b52e01977730263196ce2fda9bf3aa95,fa72974c2beb706153619bf68b287957,SYMPHONY,L65,,
c91a646f4cc6f3a63bd8b0f4dab6d5fd,a194792e62b7c7908482a5e52b903cea,NOKIA,5030 XPRESSRADIO,Symbian OS,Symbian
68a446982791811e3134ffd136b6539e,7619c6e7daec06cf595f5af623b25a80,SAMSUNG,GALAXY GRAND (GT-I9060I DS),Android,Google
595f00f74a2aa0aef22e9261026ed97e,02db2301510e30a5c2e70e36adc089fa,XIAOMI,REDMI 4A,Android,Google
cd884ac80cefd858c250edfab0b8370d,e6a2a7462dcbcc362f56d5da64981917,SAMSUNG,GALAXY S V LTE-A (SM-G900A),Android,Google
b7f315b9996832f9d6fa54345eb5f0e4,025e443bff3a972faf67faa2a76cc1ee,WINMAX,MH28,,
d0296205ad9244aaf435b7b267bf7e9f,adb4631e8b3045114e2950959081aef8,NOKIA,220,Series30,Symbian
1d478ba686635c6f9edcad24209a0990,43f4c1823c093c61abbb7d86040f0efc,SAMSUNG,GALAXY J1 (SM-J110HDS),Android,Google
23e129a24629539b0dd74ea47859a5de,bdf6c4f83d5fb07737646bc6bf2b1f16,WALTON,PRIMO RX5,Android,Google
7ec35a011b49bb9ae1a73873252bf454,96762f567ace556997563c6d80a1b912,SYMPHONY,V49,Android,Google
cf61cfb96a0025e3d1bc4376510ce3db,10006c2738d0c38b52bbc2bc8aed4ffb,MICROSOFT,LUMIA 640 XL DUAL SIM (RM-1067),Windows phone,Microsoft
8a7054fec2d480760cb47e11325fc321,72c4b6ad34bc51575e483af14edae070,SAMSUNG,GALAXY ON7 DUOS TD-LTE (SM-G610F),Android,Google
d045c6201f76b7e143168605491a2c41,883065e3b1e565c020def0b8d6327f5e,NOKIA,150 DUAL SIM,,NOKIA
dc778749a00e6354013cd7445aba6826,f6a35710f4b939c288cb117d0a5dd8ed,WALTON,"PRIMO RH, Z, EF3, R4, S4",Android,Google
3b8507759009c8998e2d07b97050af53,82ee889cf8ff11d2f006a9c59970354d,KINGSTAR,"KS-B20,KS-B21,KS-B23,KS-B24,KS-B25",Proprietary OS,Proprietary OS
2598ea3093b3cc7fe2a9499da0705ab3,f329899e4f2834ff58bb95c85dca4843,SYMPHONY,L55,,
3893003c9a5f6475668d55f4aa4fe620,a3bce25ea448ff0aaec9566d43deb18f,SAMSUNG,GALAXY J5 DUOS (SM-J500H DS),Android,Google
4240e6ca9b8c1a552b1e83700480b9c6,fe0f33e22d17700f2c99ce20d75ac237,SYMPHONY,R30,,
4c0db743ab95a7aa1d9e528768dead45,3814a423e3cdb6027053c45156ae038c,SAMSUNG,GALAXY CORE PRIME (SM-G360H),Android,Google
4a157965b4c723f2626fbc8840926717,157ab71eb007998f57292ac5b8bcbdf1,SB TEL,"BL60, D54I",Proprietary OS,Proprietary OS
7751597c27ab0ca7bcc40abf848e561b,f2e935469f6f334ea17f1ab676c1b217,SYMPHONY,L50,,
c77cb003b7ef1eb6073186b7c0200593,ce12acb25aae146cfb5b397c7de21962,HTC,DESIRE EYE (0PFH200),Android,Google
ec3a18208dc21b68226c00bde7842003,61cb379facb4d720cc5ef77018cd8ede,,,,
ca818a8425361ff38ec6b142906a87c5,cfd88f85d362078901076975a13c5b7e,APPLE,IPHONE X (A1901),iOS,Apple
a31ba85c8bf9b6badf4366144c86c722,fe1adffea04aabd9ba72a321e05c25be,NOKIA,105 (RM-1134),Symbian OS,Symbian
b33d37a3002fe7869d63432d7da90317,ff2ead69129e1eaf71ea8846778eebca,HTC,2PZS100,Android,Google
e822bc01531e50dbb0e23746561c865b,6e54701e5c9b64108559cce8d8389ca7,LINNEX ELECTRONICS,LE26 (LINNEX LE26),,
d658b231aa2511d31e3a84f099f6b65f,a722c86e6127a6619e6f6d1ccbd84d38,XIAOMI,REDMI 4A (2016111),Android,Google
6b75d260ec9cafa3d6a2d5c4f173523c,7be221db29dc92b487bc4a6a3c3a6c86,XIAOMI,MI A1 (MDG2),Android,Google
d04457460b1658839741287033523e07,d5bf414fb4efd683a813fc0fc0905a0e,APPLE,IPHONE 5 (A1429),iOS,Apple
f2fa953b0bf55cede35a82ca6e38633e,c395eac49569e6741faf98284aef725c,SYMPHONY,B13,,
81e6113437bf168995e119617eff5bba,3a17976284ec1613d57156a7265e984d,WALTON,OLVIO P10,,
8d1e9d5a16422cd971e4998f4b4ef0ca,3152ab0f1cc17f183a5f95913eb09041,LEPHONE,LECOM 3100,,
db28d8ae6f26045887eac54a0ef77336,d20e79d5a040cf96334f2f3ad4c3db38,NOKIA,105 DUAL SIM (RM-1133),Symbian OS,Symbian
f1ba77276715e9771bd6f387c7b2603f,1eec1abead4b4ad07665ff13da3742a9,WINSTAR,"W90,W100,W200,W300,W400",Proprietary OS,Proprietary OS
7d8f79924ce4e889c2e93bd7f70ca9d9,95f8632b406f8deb3e61c15de818d34d,VIVO,Y53 (1606),Android,Google
2ff1e15760d2d3aaf5fa0b3a973d7f09,dc6e85540578d3a9e265dc9f13b643f2,SYMPHONY,B20,,
e577bcd8ed9cc6aa68caa5512a85c259,7f8387ee597629f696b2a887beda47b8,SAMSUNG,GALAXY J1 (SM-J110HDD),Android,Google
2ab0d0991ba559adbf44175fb3f2a563,df847b04fdd5285750cd31fa7218fe43,ASUS,ZENFONE 5 (A501CG),Android,Google
d31d1b2aab2576159fd29af2e293b4ed,86f52ce6c4e484ab564f8fe195b6847c,LENOVO,VIBE P1M DUAL SIM TD-LTE,Android,Google
ad4f1bfeb24b9fdf3370831979cb040c,968f0a7666cef9ff49befd777ae931e7,SYMPHONY,P9,Android,Google
58a9f2ca8d149f84ba5b87e8de19ef7e,445035141fa0d21fc9cc160f0355634b,SYMPHONY,I10,Android,Google
0e0fe8c83a98a4af2050d8a031c96088,9d2ec44102ff29c351e96f8f2d8dcadd,ITEL,IT2180,Proprietary OS,Proprietary OS
051639884dbd6f18de696b10f6e2ff23,3152ab0f1cc17f183a5f95913eb09041,LEPHONE,LECOM 3100,,
a6bba862457eec0030bc75f2b39ab8a9,261181addf07659be6652f4638a94703,SYMPHONY,V85,,
a14225c0a6e0f9e4563c7900aa7435df,65a0b9337c703fae43ecb7afe74758a4,SYMPHONY,L17,,
bed1aa4d4adef4f5dacc728908b6e232,d87ae13cc917a20a55b5612d3cfffb6e,TECNO,F3,Android,Google
f7a9186728859cdfce1e47ad4b32064d,4e3147e1728b0f303e79d808dc38279c,SB TEL,"SYMPHONY B12, D115",Proprietary OS,Proprietary OS
d22ce771fa037dfb94abe5be2b1028f0,765d62fd9842c6be4508b6b138fca3a4,WALTON,PRIMO ZX2 MINI,Android,Google
f11fd2f6113cdfe5a85e197e50437f55,ed71084852fa88633001f6096b4c1eda,SYMPHONY,D23,,
422d8e9cc44d5ff5a028356d1c7123ad,84698a8b4ae50ea0d7d7280c20bd5a70,HIMAX,"H66, H77, H101, H102",,
bc3c2d409febca2b134b77540dd00d61,dc93459f86a43d0b30566b7abb0e3168,SYMPHONY,"B16, T49, ZV, BL55, T8PRO",Android,Google
df33004572294d98d004e27b2d9f29d3,cfd88f85d362078901076975a13c5b7e,APPLE,IPHONE X (A1901),iOS,Apple
29aff97ae2ade5a67f778b217809b475,9492c7e0c74ce85a554909f27fde6fb5,NOKIA,108 DUAL SIM (RM-944),Series30,Symbian
79f67a3cf25a6eb09f9b6cb4a04c1083,e312686240186ac665f6f3216616d52e,SPORTS,"SP1, SP3, SP7, SP9, SP10",Proprietary OS,Proprietary OS
27fe96b49c53705622ea8f7123bd0867,b167ac009e828013c71cd363b414e3d7,ZELTA,PH22,,
05ff9c4a0ba428eb35abcc01911b1b48,b66673d313c4b51d8f9c61e3b81d402b,SAMSUNG,GALAXY GRAND PRIME (SM-G531F),Android,Google
97f0b07c374c8a1a0f11f75473efde99,3ad80e70b34e11cb6d9c22d83e8874a2,LAVA,KKT05 POWER,,
52d6fac5b58d755a9e4cc4c91f7b6ed4,395b163b071e5880e66ac57c5768673e,SAMSUNG,METRO SM-B350ED,Samsung OS,Samsung
feaa626c72364b0685b4535a3acc1482,fe3ab8086ce2aeb745377b2527ff7291,OK MOBILE,M10,Android,Google
f591ef8ec9d54b95f244b29bd1535336,7664583ddfadb8d4f537ccedaed08186,SAMSUNG,GALAXY J2 (SM-J200H),Android,Google
e2948438c146c006bc7d9828f9460746,2796544626bc00a87bf6dbbe218d3d2f,WINMAX,"W1,W2,W3,W4",Proprietary OS,Proprietary OS
0c7b7edec2925507e3fc82955a78862a,8bc369e70e989afb5b2ea6515d685615,LITEEL,LITETEL LT2803,,
8d0e7e0f6d9e18fffcb3628734953272,2ddb1772eccf2529cb697df9bbeb0948,SB TEL,"SYMPHONY M82, T63, B4, T48, B4I",Proprietary OS,Proprietary OS
81451ebb23dcf649b95ad8ecafee3c91,84cdbfa40df50d300e67330b6daef13e,NOKIA,215 DUAL SIM,Symbian OS,Symbian
d7cd32bfafae536710c53291e3ed1dda,ed328e68fc56e0f84e06ae0b75c17bba,NOKIA,1200,Symbian OS,Symbian
05aa1ea56c79b804c74cd87ac9b0b9ea,3efc7e049efc10c184fd85a2488e0095,SYMPHONY,"BL40, BL45",Proprietary OS,Proprietary OS
f338451f93da32edb4fa8d504e3d0fa4,5824b6bf7ddb8cf0ae7ee14c868a430e,SYMPHONY,B13I,,
164402263905e080420629d35568e919,d3a06c5372286f7af2727b03ef1e8a52,NOKIA,220,Series30,Symbian
8235d1a8ee1f629ae18669f307a3b947,fd3d2fa3401282b4ce6b8396053f377c,WINSTAR,"W27,W37,W38,W47,W48",Proprietary OS,Proprietary OS
61ccc428dbbae3e9913c6034f1082990,1dc97fb8832b3e9d5bc5ccbec5aa1a1e,ITEL,IT5231,,
f63d9ce8a14313662369c3b7e058d144,290a5a22273890246e7bf78d33626e8d,LAVA,R1,Android,Google
aa7f0130746026ab2619a79987108987,d5e0bdfecd6a926375ceac5b20f2c165,NOKIA,105 DS (TA-1034),Symbian OS,Symbian
166c03fb2f29e5643ae6fc4eb1341c62,df381a7ccb904ae36914f5bda3eb14a5,SAMSUNG,GALAXY NOTE 4 TD-LTE DUOS (SM-N9100),Android,Google
6a70192f289f4ab0014cb3e798319505,fe0f33e22d17700f2c99ce20d75ac237,SYMPHONY,R30,,
1397a3c16844161777e7209458da0e3d,16dc9330eacb36714f91861e6187709d,HUAWEI,Y6 II DUAL SIM (CAM-L21),Android,Google
53ad48425694f6264da7322b52acf5f8,2cd75496ce97a807ec398c9b0fd8c758,SYMPHONY,D55I,,
51ab80469b89eba63ea4c0dfe9cee533,fd530b1698837766658a4b810435ff24,SAMSUNG,GALAXY GRAND PRIME VE DUOS (SM-G531HDS),Android,Google
9a5d7977a255d68616b69999579d9b5b,1098bab5bc43a68a3669287afac1a083,SYMPHONY,D91,,
3477e51ec71a2f6852d531bb52f5857a,1dba5dfc8eec7e01a90cee4eff03f7b9,MYCELL,"S1, S2, S3, S4, F2",Proprietary OS,Proprietary OS
a4274d1785a8203816f7159de6139bc2,b962d52a11466c2573f8a737ae515308,NOKIA,5 DS (TA-1053),Android,Google
1df7ec79ab9578c7fd86d32c18895676,dcc1054aa44b4aa1bc07eb0cc400107f,SAMSUNG,GURU MUSIC II (SM-B310E),Samsung OS,Samsung
3360cef879e998c568f2f4de609e5921,f9038bc5ed22391f5836c69bf5253e6f,NOKIA,110,Series40,Symbian
824fad7d91ad0ea7412f789063280a82,741762f8a6d4d0ed1208133b0b80e187,XIAOMI,REDMI 5A (MCG3B),Android,Google
41669c740d764e1f10c561185600d5b4,9e76cdf5f369d6f3e6e6b478d3e195dc,HUAWEI,GR3,Android,Google
aa5527f6a7bb3bcd52466c84db731e06,626db29f19f27a8f22f2e35b80aa3301,SAMSUNG,GALAXY J5 DUOS LTE (SM-J500GDS),Android,Google
9b20f12df068dc7ff9c4e6afb17db2e5,dad37f5a2b4ef4cdab7e5a777e9ea84c,WALTON,PRIMO GH7,Android,Google
200f58ed179405a14100f8d03a0febd2,9969212dd2f3e9aaba520974f55b351e,WINMAX,BD12,,
2cea14713808e0169604703c8ad3d1aa,073c51e1dae2de64810d580a1a6b1cb1,ITEL,IT5040,,
14d752fee65bd21068069f4a664381ea,f6028db2c8618fb1498527636dbe176a,SYMPHONY,B17,,
c25199081f4beab1c4fc879adbfc5a9b,430557f3c44a7a42ce9425958c26b64b,,,,
a2dab5d8c703a29a66f4c26da60a318f,a0c2d4b4a174ff5dfe8828659ae489ea,OPPO,CPH1729,Android,Google
349669ffb0e2658ac28e20148101d33d,cf4ddf38a33be5c85031aa179ce28491,APPLE,IPHONE 7 (A1778),iOS,Apple
61c24b5dd64b0d5710e2eb4894d5e14c,11d9b75cfe2921f27b96bb98448d6af8,OKAPIA,G3,,
6c57e3d71af16a9720415f090b09e7f1,472357714ec6131c1db18838dbb90ac1,KINGSTAR,"M4,X1",,
547738e4792a35759db6830f361e9f8b,77d08ddc2ff7329e32947bf7696e3ae0,SAMSUNG,GALAXY GRAND PRIME DUOS (SM-G532F DS),Android,Google
c78c1b0c4db23d90301049855fc126af,1788ef704b266038a6c0a67b74a8bd70,SB TEL,"BL60, D54I",Proprietary OS,Proprietary OS
90593f48c2282f9ee63f34a63ed60599,9025d7adfc250f6b692ff83fee676c5a,HUAWEI,Y3 (CRO-U00),Android,Google
7ebad46ec217781d49e180d1662fd13f,721863cefae378a3641ca50da51531d4,SYMPHONY,H60,Android,Google
86c6ddd7655bee17fbabddff259dca65,f6a319e1bbfc9c59aefb45f971a3352d,SAMSUNG,GALAXY J2 DUOS (SM-J200G DD),Android,Google
e8f4e380ab921bb5b233c119cfc30071,d10a20ddc76d8d485d5e04c72ca0bd16,SAMSUNG,GALAXY V PLUS DUOS (SM-G318HZ DD),Android,Google
49bf7a05ee73fd1655b33c29b1a683da,2b8711a393570af4acfb506b14ccceb7,MYCELL,M108,,
2811099b3e0b0eeb359f83d6a49c47d1,61935eb08459eb79cdddfff9a7cc01c8,SYMPHONY,I110,,
99fea6340020dff9a8af7eb9ddfc4d8f,1242ed30dd73d9dcc4baff152fa57ade,HUAWEI,G PLAY MINI (CHC-U01),Android,Google
3fe5aaeaec9c5e3617a5cb389eead011,9f4894ccb71711497e5df44e8ec23f03,NOKIA,3310 3G (TA-1006),Proprietary OS,Proprietary OS
b189d01a88124b77fa4b45d278d4fdae,d4e28e2b309211ee014337d2cadb14ed,SYMPHONY,B22,,
f21d91054838883ce69a8fb3b7c0f6bf,c4a199ac879783ae1c72876396eebfd7,SAMSUNG,GALAXY J2 (SM-J200H),Android,Google
cfdb121b4f46a9a76ce53ce21588bb48,423c126a58a7119082093b889d669c9a,SAMSUNG,GALAXY S DUOS II (GT-S7582),Android,Google
8b5a5d9e4cf4ff5ef86bde0857cfe7e6,9eda0e6badee9a395b40d2ab366ebe8d,WINMAX,MH5,,
22a5f6386db4e025e2374656ab6016ad,157fcfc4a7dae482de544825e202e35a,WINSTAR,MOBILE PHONE S-4,,
9e1a91e14ae110d41db9990dfb86fce3,cebe144f206c224865d47d74d34a9ae6,SAMSUNG,GALAXY J5 DUOS (SM-J500H DD),Android,Google
ef4475830a81ab316036f80c094aed49,e48977f338fc3d297cdbd5d1fdbe292d,OPPO,A37 (A37F),Android,Google
8ee33342e9ae08c25c7231385b2f832d,d03a7ab9f7e78b3cba4f719a740cf139,SYMPHONY,P6,Android,Google
5ac1363efe8c2d3c12baed014b03f033,f66586559f23cd35de10f3f717aa2a41,MICROMAX,X1I-2017,,
6fd5193bf318f315b2eac24ab1fbb075,a838d0b67fc0def966d330b8e9c3f638,OPPO,A37 (A37FW),Android,Google
255c3a62c02f4ea19142455fc108cb53,7145c0e143fea5b1324edb56fe2f7b03,WALTON,PRIMO D7,Android,Google
c7b5eefbd6f8c1774881e53d732c6f56,2981a9fbaa281d4c48c3cd4e55dd80dd,NOKIA,215 DUAL SIM,Symbian OS,Symbian
21cb9d71f2fafbdac8e9ee334cb4b805,e1761218cfd46dede7e35baf8400594f,HUAWEI,Y6II (CAM-L21),Android,Google
1d3cffce5812a41152f8019b8b960810,ff325dcaf407716343296deb33d70021,NOKIA,"105, 1050 (RM-908)",Series30,Symbian
46426963b41d9e2910c440a5da4c9fc4,531491fde883ba134bb857f60be4a7f1,LITEEL,A1,,
5ced592d38e74dea0fd4f335ab5e909b,96762f567ace556997563c6d80a1b912,SYMPHONY,V49,Android,Google
cf8cd0049ccdd5cd5751a3e7096749f6,2d759b5a89048942f6f96af92a4cfa95,HUAWEI,P9 LITE,Android,Google
a25741341b9ca6acfe2d1bc88d364ac4,0ad4bdf9fa2c70beb36bc0dbdd6b0c7c,LITEEL,LT1803,,
82ebc18c8d554d5819726b7b4ee4007f,110f73736e1e1fe0ef5cb8a581bc0ec2,WALTON,OLVIO L22,,
a0a51069044d33fc513289182a28d2de,fe0f33e22d17700f2c99ce20d75ac237,SYMPHONY,R30,,
84f9cd696e7655f597c7ffffc47bac89,1dc97fb8832b3e9d5bc5ccbec5aa1a1e,ITEL,IT5231,,
866dee3a2e8202b8b6189dbd8c259a45,6d9f0a989b5314f7cd3193586d351b49,KIMFLY,M10,Android,Google
74416d93d1a8d5635273e78d94604eb0,e46c0b05520da8106b81861e33b2da65,LITEEL,LITETEL LT1801,,
8c9ddf28c3e963fc682a5a1ff6c7628d,4669b9583e05075ca81f7faeeea9edab,SAMSUNG,GALAXY GRAND NEO DS (GT-I9060),Android,Google
af3d99d5487c7cb9725cbdafa8c06c15,98fa6e89c789597c0b554f36b8cb1898,SAMSUNG,GALAXY J1 (SM-J110HDS),Android,Google
88ae7b9616698618e1f30e4aa55845b7,799bae4f87f6fe1ec8e8468a07f8b08a,SYMPHONY,I21,Android,Google
c1e203395ad52e179afd696ca59b8091,dc93459f86a43d0b30566b7abb0e3168,SYMPHONY,"B16, T49, ZV, BL55, T8PRO",Android,Google
31671e513104e753ec72950130f1bf20,9168a6e61112f39757ceec81a5da1e99,PEACE,X668,,
413c5b2a135c965bf92613e75b87fc87,b7418d4c7ad1f2d4a2203259d22f7b28,HUAWEI,Y3 2017 (CRO-U00),Android,Google
430ff0e8761c11ee48f44a64d4f6e3b6,fb2b4e66cd697b1c6523adb635dfa322,TINMO,F900,Proprietary OS,Proprietary OS
bc6f4db505c4fc497b96384c4583e4d1,ec8d6d1f63ac724f517000ca31b029fc,OPPO,CPH1609,Android,Google
520b42913626d569b22596f4cfa337e4,e95a4e914e0525c9016d64d87c1b4c9c,NOKIA,216 DUAL SIM (RM-1187),Nokia OS,Symbian
d5cd563ce0c9eacc29c9ee41c1a32da7,564c4f2580ab7c6df733c61ef3a39ea5,SAMSUNG,GALAXY A6 PLUS (SM-A605F DS),Android,Google
9c129cc8432c29cfc794c236271be40e,fdb3f9da52a290cecd151625581d0f99,ITEL,S11X,Android,Google
66b4da895cd20bf1c44a51c969535274,a5f3d2dbd93ef5fbc355816580ac24fb,WALTON,"PRIMO EM, RM2, RH2, WALPAD C, EM2",Android,Google
26a6c6c30621a215b167071787fcb048,f4746f322d668adb45631e29a19703db,HTC,DESIRE 626G PLUS DUAL SIM,Android,Google
fb5167408e67b8f874825436e23f93a2,ced32d435e9c31b23409acef739312ce,TITANIC MOBILE,PHONE T-90,,
ccd2c4400bd81ffd342089287245a0a8,621db3cd69e2f031707c76fe5a278195,ITEL,IT5600,Proprietary OS,Proprietary OS
0477713df4a16884071822970b25defa,4d6d7223cbebbebe3f12acfa817be8c2,WINMAX,BD45,,
87eb6ad7ad7c2d63b2d11c8700cdf3ca,2c9f1c52128e7bdf00c07dbe8fd2427c,NOKIA,6020,Symbian OS,Symbian
ebc09c82f30f488beefc3d81b340a013,26ad97b543d8ec7944d84ceab3d6ab54,STIL,"SGC-01,SGC-02,SGC-0A,SGC-0B,SGC-0C",Proprietary OS,Proprietary OS
2519b38da06fee473766173f1dd3a971,624707bf89e72a4b4b99f71eda98e796,ENERGY PLUS,MX 2403,,
2febd4f2dccee1cbc8a9e69348b1f2f6,718087c5616d8bbdb434b67f8a02afba,SYMPHONY,"L25, FT42, W130, W69",Proprietary OS,Proprietary OS
c5b95bf97b1673b042f44b05d4052cbc,e11775bfe379d022d5714ae7e564d7f1,SYMPHONY,"B16, T49, ZV, BL55, T8PRO",Android,Google
8b24860568c93d91a8fad0a75eac3d3d,d284da35df0f5ae63c85665c363943f1,WALTON,OLVIO L10,,
ecf383e73c1139ea564cdf69a874b9d2,42298dee1b0cd6164b0df01da077dd95,,,,
92ea626f79f23795ac437aad2b8168d4,445035141fa0d21fc9cc160f0355634b,SYMPHONY,I10,Android,Google
c326797ab2629ce5754b75820d37d922,c4a71332564cad2633e08060b2d1dbfd,FIVE STAR,"F10,F50,F100,F202,F303",,
4ea408422ac5f4e3fc6714a4f51c26d6,54fbd19a33949bbc6f5fcdd80c52f30a,SAMSUNG,GALAXY STAR PRO DUOS (GT-S7262),Android,Google
731c418e5fb153b0abe0c2cc5c57e9af,246fbe596470b86d646f790542177af7,SYMPHONY,D19,,
35501851a77ad5b1c6c5cdcf318651b4,bf4a73847de0b58802bec282454fea4d,SYMPHONY,P6 PRO,Android,Google
3688f3551fe5a0fa504df0206e7d0a8e,45f437b4ddca44100f9d9b2d35f099f3,SYMPHONY,"L35, W66, W72, W160",Proprietary OS,Proprietary OS
dd58fe39c616b9a85e7c16df4d86341b,540e7f49e3b0009ac2f7d7ddb0bf511a,SYMPHONY,T160,,
7fc231a19e042fa57654d420487d2140,ab1b3cbc09963e08c4b5700e4dbe7a64,SYMPHONY,B21,,
0cededf8fe4649968a9aea83fafe6e97,35e0d0ab1d984ef87df94853fd921e71,APPLE,IPHONE 7 PLUS (A1784),iOS,Apple
ff4270f12864109832dfef41b09c7fce,81c55f17cdcb0c446fec3dc4c4018775,HTC,ONE A9 (2PQ9100),Android,Google
444244aed83652259257343106a09456,80bd1715030775a850314218605792b2,SAMSUNG,GALAXY J3 2016 DUOS (SM-J320F DS),Android,Google
70edd02876aa630788fee053629c490a,1b2da292532eae70a3dc7206fa91b66e,MICROMAX,X808,NUCLEUS,Mentor Graphics
af44e417f8c3bff4db1154d617c881a5,5c4465ed646da75e4430fb0a838397bc,MICROSOFT,LUMIA 435 DUAL SIM (RM-1069),Windows phone,Microsoft
2d7a30eb071bedf46897fabefad6d89d,b099b20392a70cadd60d6e057d923903,NOKIA,1202,Symbian OS,Symbian
ebc7ddee3b27fedfa602bbe04ef2cd96,6fc6b0145cf49295f813045d824ed317,SAMSUNG,GT-E1272,Samsung OS,Samsung
a0964e5294b9e44e1b88b5c11a4e95b2,841515e67a28bd8806d351453ca39f41,G-PHONE,GP24,,
170a8ebd606f04856cad086df7859bfe,8b994b3d514939e31d1a8a1801a2dccb,XIAOMI,REDMI NOTE 5 (M1803E7SH),Android,Google
1b27ab21a4f50afb934591fbe3b49f54,65a0b9337c703fae43ecb7afe74758a4,SYMPHONY,L17,,
9ecb4cd186305f92def47435e7e60c8f,ec4c0e4ab47a0fc2648b7abdad304f38,SAMSUNG,GALAXY CORE PRIME (SM-G360H),Android,Google
30dee6092230bfbd85d28d231e71d04f,0fab16856e5a6b89589caf3f857af7ac,HUAWEI,Y3II (LUA-U22),Android,Google
cbeb2beac2874b549ada78d2ee3b9dbd,8e28342eaab27672432805fad2482425,NOKIA,150 (RM-1190),,NOKIA
eab042520b22ce58a1a01aa884de3ac3,996c1b244d2b92d0156c92552f2c9817,ITEL,IT5320,,
b29e88a819ba6b17aaebec3373617556,5493b28347d0993bc575826285d66379,STYLUS,R12,,
e71dc7ac384f826cf6764b48f85f9e56,5854d3ca1fdc3192adba4c3b8d00e434,KINGSTAR,"KS-M1,KS-M2,KS-M3,KS-M5,KS-M7",Proprietary OS,Proprietary OS
553940b37a9d7e97c1daae2615231878,60399f81da527e2c53ff389892f01d79,SYMPHONY,I20,Android,Google
5367f6fc81e41a78c80c78a08b9995f0,576805f552c6237d1f2792167ed16e0d,SYMPHONY,"D26, W128, W71I, W70Q",Proprietary OS,Proprietary OS
5468b5e1f9e2868a1a5dd0147a4b5ae4,2f63b5598d57d267b61ef57005406a03,SYMPHONY,D52J,,
ec5439e0b85012a4b75af347282a4357,1098bab5bc43a68a3669287afac1a083,SYMPHONY,D91,,
3651cf852db17e4501282c286e5d0e1b,25307c186dfcd86916eaae1a88239369,WINMAX,MH23,,
4aae230c74a68337793e787c79132928,39d5fd87777c9c54cb6268ca37490be3,G-PHONE,G555,,
e4755d771dd806b88629e0de3e14d1e6,40d5fbe8b41a5f8ea3ca6ffbbfa07e84,APPLE,IPHONE 7 PLUS (A1784),iOS,Apple
2050834ad4c6c04cf0ae777b1a369b56,b7b68b75729c9b67b571f731b561efdd,KINGSTAR,"M,8,10 (M8,10)",,
31892b8d1614836965414022149a8ef6,941bd15e87d374f86189d34df7aec952,NOKIA,105 DS (TA-1034),Symbian OS,Symbian
07726c817fedecfe832a2c74a757d658,1acf2e69695b9ac369e112d0f9e18419,WINMAX,"WX82 WX83,WX90,WX91",Android,Google
6d829952e9a078662876956f073738b2,60399f81da527e2c53ff389892f01d79,SYMPHONY,I20,Android,Google
8e4c360660743db556564744b8f97f9e,7664583ddfadb8d4f537ccedaed08186,SAMSUNG,GALAXY J2 (SM-J200H),Android,Google
e2da00a8c6692257cbcc9ddedb80726e,d915e5a30e209e1530b8d87eff99b2a9,SAMSUNG,GALAXY J2 PRIME DUOS (SM-G532G DS),Android,Google
7f35ed0c1089d030af46d6ccb987f4a9,0ea0feafb4fcbad1e5462a95cc2126bc,SAMSUNG,GALAXY J5 DUOS (SM-J500H DD),Android,Google
85e9bf34a0e8bebe96704a00d5277b9d,5854d3ca1fdc3192adba4c3b8d00e434,KINGSTAR,"KS-M1,KS-M2,KS-M3,KS-M5,KS-M7",Proprietary OS,Proprietary OS
5be0e336c8683d8a3c159bde18ec46a9,6a48919dcc8b09577b818aaea35b12f1,WALTON,PRIMO G7,Android,Google
b208fe73518d482d29a6de6a82350365,1acf2e69695b9ac369e112d0f9e18419,WINMAX,"WX82 WX83,WX90,WX91",Android,Google
f1e3dfccac8f5b56d1be83b79a0661d8,cd513587bfcc7c7b7a5928e7bc7c196e,SYMPHONY,L23,,
42d384d0a6eb50f2dc7ac77be35215c8,ab1b3cbc09963e08c4b5700e4dbe7a64,SYMPHONY,B21,,
a9ddb0ab2e7ac9961ff834c47d735e13,bc9db785c3d722da1de1b9a2ddd5f76d,SB TEL,"SYMPHONY T62, S99, T55I, X99, X111, S111",,
4048fd33463a9376d379e497e344098e,2de99a5960ab56c50e2a090bd25cb591,NAMIRA,WBX-2,,
1f5bf051ab0986f27af68c0ff168ce27,f16733a2b000319dce737c7d416425b1,SYMPHONY,D22,,
818ff1d69edb646f8e064122606d6362,8909fd163cf8c8b98b23f88c18b3ebe6,XIAOMI,MI A2 (M1804D2SG),Android,Google
e8c03ad38805a6d0d782cd48ed58d4c8,367e80f39409e2c655717835447ce936,OPPO,CPH1801,Android,Google
99ea92ac4f9d4a0708b9e3ddddb57da9,748521fc6047b48b98123b406f8fd433,SYMPHONY,B12I,,
51299d0f45e814afb08f46fe5e632f74,0ea0feafb4fcbad1e5462a95cc2126bc,SAMSUNG,GALAXY J5 DUOS (SM-J500H DD),Android,Google
2bb1ee90b71a1b6ac86de9b1dd55f54e,bd7ef4374623b2ae82b617770751fbe4,SAMSUNG,GALAXY GRAND II DUOS (SM-G7102),Android,Google
e205d65e5dd27709bad875c81d549679,9e60f606173374f1d557deb68f3bfbb5,WALTON,OLVIO ML9,,
3479050d2096afb14054e98ddb37325c,8fe3f80010b48a843ff4a001ab95941b,,,,
48660c9658dbf08a25ce63af0847ca11,3e6f5434b1b95800d8ab6e87c729cc62,ITEL,IT5622,Proprietary OS,Proprietary OS
629564de061ff0f4cd43235d62c326fa,ad64368ee3ee572f421dc2029b5766c4,WALTON,OLVIO L7,,
0a16fe1f6895d94f84156c586f2bb439,419e3a7089648a1a01b7322673c2f24b,MAXIMUS,M87,Proprietary OS,Proprietary OS
c67c53f84e944ce134d410d0f8201879,778d69b54f618e1214dc46e8a0d9a7b9,LAVA,IRIS 505,Android,Google
9a7e82b508af7bdb0eb8550e698c0ebf,472357714ec6131c1db18838dbb90ac1,KINGSTAR,"M4,X1",,
74225f820ac46fc9360ef2e599d0dbbf,b498ace3dff35d82a5e400d889efe4e4,NOKIA,110,Series40,Symbian
7dfba6bbbec3d40b486a0b6153017082,3a61cbece648e4fc0a2bd6017471c4fb,ITEL,S11,Android,Google
caeb556375be3d944c04358f4a2963a6,63d9952a18a2b5f754dfbbef9c2d69ca,NOKIA,"101, 1010",Symbian OS,Symbian
3698cf9156f4aeb76c4b0305a23d87b2,719dad9693479ecfca3058467cdcbd7d,LENOVO,VIBE C2,Android,Google
82043b45c06ef5e9bddcbf3e16310170,2d005b2e125a1859e675cdb2dec3f1db,ITEL,IT5600,Proprietary OS,Proprietary OS
030913f0721a803e93e1abe03c59036a,4f27b23e6f046de5932f675bea1b0d85,NOKIA,E63,Series60,Symbian
505630be3f2b865ef24422bba6547626,748521fc6047b48b98123b406f8fd433,SYMPHONY,B12I,,
65edf9269ba1c31f5652525c40e9a7b3,4dc63dfc2d8f26a422a225c0fa077685,NOKIA,108 DUAL SIM (RM-944),Series30,Symbian
7bbccc4200ba78a5f476c26803efc18d,7b1fffaeb3aeb53c2182b52acc585c40,SAMSUNG,GALAXY J1 ACE DUOS (SM-J110F DS),Android,Google
9ad99c9f85fd7c6e8d544b320bf069a8,d34a89dff484593bb0e267826c5d342f,SAMSUNG,GALAXY CORE II DUOS (SM-G355H),Android,Google
2c24486259ada21311f32768754da1c8,3a017d991e5d6b8d30a4bfb4152b1b34,SAMSUNG,GURU MUSIC II (SM-B310E),Samsung OS,Samsung
1c29c631a927be1710a43488f6340465,89a96358107c18f696a84fc17b5316c1,SYMPHONY,D54I,,
6365dc573d66dfd6cff0a383b0451416,63497efe88a050a2c4bf33d563d21172,SAMSUNG,GALAXY J7 DUOS (SM-J700H DD),Android,Google
6d6998be0ca8707de34ede3206798827,88e581b67db0c460c8ba66bbec4d0f7f,SYMPHONY,"B9, FT34, B11I, H50",Proprietary OS,Proprietary OS
f1d47c06726bbb49b571ebf58393d135,e67ffc9914152dda4ac8eed6e410db79,SAMSUNG,GALAXY J5 PRIME DUOS (SM-G570F DS),Android,Google
ed8318b44d0d381869f7772936f25a54,63cefb18a430f513fe870dad4e0cee75,MICROMAX,X904,,
9cbaf9b1e791a3f28ebfc33a54c09059,87aee9418e2ddd5e76ed242469ca98eb,WALTON,"PRIMO NX2, G6, D6, GH4, E5",Android,Google
ea78e1f6a136f302eda0b0d77dccd5b1,59301b28d57c11b9cfa23576ab5aca8e,SYMPHONY,V90,,
1e2f408119b4bbbc74579a0d777040d4,f9676f4bf10656cb09c76511cfd9862d,LAVA,ARC 101,,
dbc5d677b7bf82a373b15d086904a1c7,e4689599e66e0a454e76a7ae8d67d31a,SAMSUNG,METRO SM-B350ED,Samsung OS,Samsung
28d4f6654e71ee59ef3da12926323f9c,5578acb2800d666d079981ab1bd7eb55,SAMSUNG,GALAXY GRAND PRIME (SM-G530H),Android,Google
d0d0117df81538becd6e784c0b66727c,d3094e99427dc83b47d7e9cae4d15948,SYMPHONY,S50,,
c979ee2257591073732d650d94952bf1,246fbe596470b86d646f790542177af7,SYMPHONY,D19,,
b8cd5597c411c9b016d6eee2366a6b81,7155883c455cef4bb72e56d3345fc986,SYMPHONY,D150,,
4b7e400f758229a421b6dcc33829dee2,4e01acca34b67fbe981830e7e9d2f686,SYMPHONY,"W67, F15, H50, B12",Android,Google
182cc791c71ad022ee0e1feafbcc1925,a35a0cec3e6bb95404d2e48d0ae0f44e,SYMPHONY,T40,Proprietary OS,Proprietary OS
b4d7cdde8edbf63a5b0eb980c1c8586c,27cec7bcf0f9233a03c510f9e911afb9,SAMSUNG,GALAXY J2 (SM-J200H),Android,Google
302184edb41671b545b847d9195e481b,99c750d0abf8bd3e646796b546b7a815,NOKIA,"1280, 1282",Symbian OS,Symbian
9bbc2a6a8ae6b7943e96632fd17082a0,c9772ba2699db7f3dbac21f261fe2969,SAMSUNG,GALAXY J1 (SM-J110HDS),Android,Google
8e91a823fe19ad70f197ce0585d44362,b88e1b31bffc2e2a6048dc215f9b6a2b,SAMSUNG,GALAXY J5 (SM-J510FN),Android,Google
281f2188e0285f4c7b04331542e61a0a,77d08ddc2ff7329e32947bf7696e3ae0,SAMSUNG,GALAXY GRAND PRIME DUOS (SM-G532F DS),Android,Google
76827728d3e81b877e2e4de5ab2da339,e7eeedff5414a680b25b06971dfe87c1,SYMPHONY,ROAR E79,Android,Google
845d4a6e59380a5e3d5196812c416135,2d3afee08266aca3724c05fd11e84c4b,GREYMARKET,HANDSET,Proprietary OS,Proprietary OS
cd33a85f20a308bd124abe18e16720b1,996d94ee7d7b350c080dea2eed447e95,SYMPHONY,B17,,
62460d8002ab47553459b2d19e4405ca,95e468cb81dab6222c89fa80a75c5c78,,,,
0af65f24d6527acb43e79421bd802edc,142253b245f17221247e5a2a35cc8c88,SYMPHONY,L100,,
cacc2e3cf4d14bde7e9df948cbee723d,283f6f8be189373695f30a375810d859,SYMPHONY,BL75,,
f455715cc022c06618bc4ce2f1e7b5a3,3a61cbece648e4fc0a2bd6017471c4fb,ITEL,S11,Android,Google
eb9396ce4a059a4b9e62decda3a1646e,277d51052c463547475fff7612ce4ab6,NOKIA,150 (RM-1190),,NOKIA
ee33571f7c3e6d4adb1cdaaf7ba47a01,e11775bfe379d022d5714ae7e564d7f1,SYMPHONY,"B16, T49, ZV, BL55, T8PRO",Android,Google
c90e1aa58169f9756ec76aa67e6cf5fa,d03a7ab9f7e78b3cba4f719a740cf139,SYMPHONY,P6,Android,Google
9e715565c1aedef36b75036ffe644247,d4245ea9296daa3e90b802c3afc5e00d,SYMPHONY,BL20,,
2228cffab1a25024a12c24a08f670701,ade0a81378b1815e52494a79af8d808a,NOKIA,1200,Symbian OS,Symbian
2bda84bdbb1685debab4094091d37dcd,c2f8b561ca9cd62563ed7c37134c6eec,SAMSUNG,GALAXY CORE PRIME (SM-G360H),Android,Google
6b75d5e71ce234326aaf5b7e3f077ffc,1127fd401bd03ece65df2ee466f5bde3,WINSTAR,MOBILE PHONE S-5,,
fcbe6f3a344f288e4da82be3af540319,1c59df51671c7de776f6ed027dcc7b1e,SAMSUNG,GALAXY GRAND PRIME (SM-G530H DV),Android,Google
6d1ac72ae20fae84e31893016c6fdbdb,1098bab5bc43a68a3669287afac1a083,SYMPHONY,D91,,
0c1bb0c272084812133a98da6feed099,0fab16856e5a6b89589caf3f857af7ac,HUAWEI,Y3II (LUA-U22),Android,Google
b667ea29061cd460fd1c0c539d907736,1dc97fb8832b3e9d5bc5ccbec5aa1a1e,ITEL,IT5231,,
9c56466b44ae9ac992341222bc48aaff,410ceb7fc8bbd8e68d1749791df38c32,MYCELL,"BEE5,BEE6,MI9,MI10,BEE11",Proprietary OS,Proprietary OS
6649436e997bb2c2f1373ac168f13fc0,a838d0b67fc0def966d330b8e9c3f638,OPPO,A37 (A37FW),Android,Google
7ff4d6913901f075a7c52bd5fdd106af,d284da35df0f5ae63c85665c363943f1,WALTON,OLVIO L10,,
c5108150f287dd57c2755750b6396e4a,590055d813efd6392c6c6d6353f12825,AAMRA,WE V4,Android,Google
493ca3884136e128cb5b8ef152e25a91,dcc1054aa44b4aa1bc07eb0cc400107f,SAMSUNG,GURU MUSIC II (SM-B310E),Samsung OS,Samsung
45a1301b09dc5fb13f28aefe8f4c2a03,95899d48feb2dcdd7eedab06f4663a81,XIAOMI,REDMI 5 (MDG1),Android,Google
7d3db345acbeef3c5d3c23403395432b,9f0d819fd84d23e1de10c7b3a9fe4644,,,,
7d4a6f49764f4838c9d1cffb978199e2,88f93b84d5c2d58098446ab31f4e0186,SAMSUNG,GALAXY J2 PRIME DUOS (SM-G532G DS),Android,Google
1e5884db28d0433632738fd1d3ed901d,d4245ea9296daa3e90b802c3afc5e00d,SYMPHONY,BL20,,
de79645d8366a21489d3056f970ffdad,f16733a2b000319dce737c7d416425b1,SYMPHONY,D22,,
f5e3683d88adf1149e838c510992c1d2,c2596a7cc81d540efd8536153b21b9e4,WALTON,OLVIO L8,,
45e356aebef6101ea6dd4ae52610fce2,eb39caf3d85437ddd6903ccfb98ef72d,BY2,"M55, M630, P300, V202",Proprietary OS,Proprietary OS
68db72bba8021f9e5e17c6cbc755dd2a,c3681ed35b825acdd1f5040dbd0e8097,SYMPHONY,V92,,
8af7278dd1bbb137291c40a5365aa36e,9261a7120765afbb60b79e539999b024,WALTON DIGI-TECH,OLVIO L6,,
8897559ca989bfcabfeed2a9c55c032b,3fb5a9034aee80f5b3be355a4f80f18d,SYMPHONY,BL80,,
19632e2c7c1a968ac7f80172f71278f4,4ea5a9022287812055d1611e029784e7,LITEEL,LITETEL LT2801,,
14e4be5d13b5adfb5df9d3b924570609,3a2a1329c7249fa77001eedf22eb9a24,OPPO,CPH1819,Android,Google
72fc8c55dad1cf040dbf0f7a336ac3f9,225aa0364a89a3d610bdbdbc410a7bce,HUAWEI,Y3 2017 (CRO-U00),Android,Google
2d587b6eb4e3e2b20f32ef9df953183f,fe841a657cb1f16887181781ab1e29a8,ASUS,ZENFONE GO ZB500KG (X00BD),Android,Google
be595961f1d2130a2fc77f1774a114ce,2959fdcc525e80660a8e7f680eab71a9,SAMSUNG,GALAXY J1 (SM-J100H DS),Android,Google
9ad6130d5299704928e4253a6816057a,31bc1a76a37b6a4d51514454c178b07c,SYMPHONY,M95,,
81a83b896f093c4d14df1ad743babd86,1242ed30dd73d9dcc4baff152fa57ade,HUAWEI,G PLAY MINI (CHC-U01),Android,Google
3a15225113f96a5ed3b99c9ee0f12a52,3440ff03f665000a1928e4bc2fc41d57,SYMPHONY,H400,Android,Google
8ebf24f9fb09d0625952fdb83bd1e4c4,b68f15ea3c5763f94154bb91b94a1625,SAMSUNG,GURU MUSIC II (SM-B310E),Samsung OS,Samsung
3d41c6251677ff834f5000bf0bfcf039,638748d45c096536851b5564a1122798,SYMPHONY,D22,,
b91c17fdac59df5c91f3ee7a1e9a01dd,44a20916a1e168550bc989600a31412d,SAMSUNG,GALAXY ACE STYLE (SM-G313HZ),Android,Google
a596bb659fd96ecb1e24fc690a51f967,95380d787fb3727260d37dbc3fd77641,SAMSUNG,GALAXY J3 2016 DUOS (SM-J320F DS),Android,Google
439c100fd53bce531409f1f5ff927c95,189cdf39b720325a3c826ca7a9c0bdf3,HTC,DESIRE 830,Android,Google
ca76b4022e08916474e4dfef60992ec4,216e21a0f7e208d7a51af9d061e4d01a,SAMSUNG,GURU MUSIC II (SM-B310E),Samsung OS,Samsung
3a45958153d252445887de98b51cbb5f,d26c33a614977c27ef20c99109bfc750,SYMPHONY,D69,,
f69d6394ce23efb1fce9c7077f9f9b9f,8b1148c1585320e75951d7e6d7bd675a,IMAM TELECOM,Y6,,
6790c7cdcb9a050a60c445c07bf78834,0bd174eaac100dcc9726aa95bd4c00f9,SYMPHONY,"V25, V55, V70, T54",Android,Google
0ab5a3e385c17fb0880815555aef5e12,f9676f4bf10656cb09c76511cfd9862d,LAVA,ARC 101,,
e90495b4b0a4cbb7bc949a89fe2d38eb,7bdb690d5b637b3d44b094a10006435f,HTC,DESIRE 530 4G LTE (2PST110),Android,Google
fe34b34a064af9181525a8f2c6b6bd91,0e6131b2ba7d5057e03cdd40264a0a0c,WALTON,"PRIMO N1, N2, D1, G3, G4",Android,Google
03571dfc926007d2a601f2a937f243a9,89a96358107c18f696a84fc17b5316c1,SYMPHONY,D54I,,
b1efc0d80a0395ffb241148267b13f6a,39514e4bc441d53388089a83cc27ac1d,ITEL,IT1507,Android,Google
44a62f3b8cbbe2a3e4bc6d199e29aee2,4e2f6649438ed0eaafd06ca947634f7b,NOKIA,"1280, 1282",Symbian OS,Symbian
f7ae14aee0c670a0afadccfa065f0844,4b4c3da3e731383ce7f580e9bfe009a3,SYMPHONY,L300,,
2e15d53fa03e535c1dfbad1432e281d1,7601573293ac56f4f7ca60187db79450,HUAWEI,NOVA 2I (RNE-L22),Android,Google
35003e064d3fc3c0738377e38a6c5b64,84009811aafdacf1f8ea38ec07b5fd1c,SAMSUNG,GURU MUSIC II (SM-B310E),Samsung OS,Samsung
ac9245a577023074a2bee2fa26e92b0e,472357714ec6131c1db18838dbb90ac1,KINGSTAR,"M4,X1",,
4fa44da3d74437d8fc4ce09fddc3dfca,4f38c39b40e7e51d047d5caca325bd35,SYMPHONY,"T7 ULTRA, B12, P5",Android,Google
8c0115fb16c9670e5bae00e57cbd91a8,1a96f892b6b7944555e5e4454f81b1df,SYMPHONY,I60,,
859bc9f97e7f4abaed19b8ea7ad3b35b,ad64368ee3ee572f421dc2029b5766c4,WALTON,OLVIO L7,,
dc501634776c68f2e3576019b5a020ae,4a9809102e479a4f66ce6534053e95be,SAMSUNG,GALAXY J7 DUOS LTE (SM-J710F DS),Android,Google
214c3861db60ea2561da9cb8e4dda704,e6513a4f26c712dead357bbf6c6773dc,NOKIA,"105, 1050 (RM-908)",Series30,Symbian
600c443965a427d3353dfda2e3c0bc78,1e271bfa57b3eecfbf93b3f4b801d722,NOKIA,6 DS (TA-1021),Android,Google
d1461e04414cdd1e147395c55ddeed86,45b10fe6e740653b9406e93db8b7dc35,SAMSUNG,GALAXY J2 PRO 2018 (SM-J250F DS),Android,Google
5c08cb75ad0cf937699873dbb9cc9387,7619c6e7daec06cf595f5af623b25a80,SAMSUNG,GALAXY GRAND (GT-I9060I DS),Android,Google
b1e9ced263d27753f55c17b2bf73c461,2f62e91a8ab073bd3a2a0c7bcf7a342e,LITEEL,LT2407,,
5684e9a82293d704a9dde7df05563769,58cc15d9c7839b9ea8feed1888dee6fb,SYMPHONY,"L22, T49, D26, W70Q, V30",Proprietary OS,Proprietary OS
8bdf5f9badd042dcee6c43f0cbd7d7d0,ceac4b994a5b48747c8b6ace866ad3b4,OPPO,F1s (A1601),Android,Google
66633837d9e735da776138860958235a,0777a5e2a426e089a40861eec0832ce6,MAXIMUS,M211S,Proprietary OS,Proprietary OS
885317f889211a1476b8938077687127,b71a154a5f7c3372f27fffec718ba196,XIAOMI,REDMI 5 (MDG1),Android,Google
5c6b44022da115e3476e7c4ec9fdf1a4,bf6fde466e4ec426c0a1023d9df43fd1,WINMAX,"BD15,BD25,BD35,BD45",Symbian OS,Symbian
d4e42937dbb933d3d29e6e68cada1d16,47b6d3a84d27b4a73da7ca915251c918,SAMSUNG,GALAXY J2 PRO 2018 (SM-J250F DS),Android,Google
a83764b2dccd80a5d7f9e72bb6e504ef,bb0d8ff7629c771d8a8be0ced9c7d550,NOKIA,220,Series30,Symbian
ead8aecb39d69ec771b7eac4b714da95,246fbe596470b86d646f790542177af7,SYMPHONY,D19,,
50b7cbe1880b7cfb5462a6f73f375ece,b8b2ce87a0487029f82f496b7b7cd08c,SAMSUNG,GALAXY J7 DUOS (SM-J700H DD),Android,Google
b58b97cea03ac9ed134127ee76a03c70,b82ff0edaccb2a9218386251dd0ffca1,SAMSUNG,SM-J600G DS,Samsung OS,Samsung
16a2bb7d9a960c13931f46f97c36f4a9,84c425ae29d12f54110d650c58f9180c,HUAWEI,Y3 (CRO-U00),Android,Google
e6441edce8df06a0d376c71c7086e765,1e795d8155aadc74e41061ee5605a3c5,GREYMARKET,HANDSET,Proprietary OS,Proprietary OS
cd6ab810233471e927236fb1b3a51255,dfcca2a240339241e06c76da2a26d362,LG,K10 (K420N),Android,Google
fed0c173eb385569f603794ea09207b7,f43e9882f594c066f840b2880faa976f,MICROMAX,Q398,Android,Google
3b1d32b1be89e8b43c768c7be3057bbf,b4d179438c9dad9585e2ca6d48f1e5a2,NOKIA,"100, 1000",Symbian OS,Symbian
8fd10bb5807b413ebf9149ea2468aad7,723badec1421623b3632fe6067ee6e4f,LENOVO,P70,Android,Google
bf5f66cdc02763a76868612f576a97f4,a838d0b67fc0def966d330b8e9c3f638,OPPO,A37 (A37FW),Android,Google
2dc80280fac4b42eeb01a52099f398a5,24a2ddb18a0b4cfa6c8d173e83616f05,WESTERN,"D2, D3, D4, D5",Proprietary OS,Proprietary OS
31951462f3fb0a904dd26fbe4445376d,996d94ee7d7b350c080dea2eed447e95,SYMPHONY,B17,,
6dc79c91a5c2de094bade8801cf4aafe,726308e89c068059ce44a107ed99da80,SYMPHONY,V52,Android,Google
0eb54ec2859abbed3bbe1dd2d36f4b53,de7b17d695b7fbf11b6cef3dc28fda8c,SYMPHONY,"W19, B13, BL45, E50",,
24735056b5eb7e10acd624310826b7eb,2c849579f30bc8bc891de9e89802a726,LENOVO,A536,Android,Google
ad3b46f23aeb81384a3ea42d31d5000e,4320aa4aca38ebb4f5284a3be1f9a903,ITEL,A32F,Android,Google
6d85f93a4884cff5dded12af7437948e,be8601eeba4c31fee79750f4345afd45,HUAWEI,GT3 (NMO-L31),Android,Google
5e806fbb0a899571a0ff2cea48e9906b,a8a51858a6f8ad876bf5897dad9dae03,TECNO,CAMON I (IN5),Android,Google
fa44247946811bb28142f06b62a74e76,f16733a2b000319dce737c7d416425b1,SYMPHONY,D22,,
15f8a9de9a8fa0ca70430d82f3b93ce8,24a2ddb18a0b4cfa6c8d173e83616f05,WESTERN,"D2, D3, D4, D5",Proprietary OS,Proprietary OS
d86270a40f05bad396fd998abe3b2082,165acdb176c002cd45cab78630f5405b,SYMPHONY,"V60, P6, V40, T90, ZVI",Android,Google
48a9dbf6d9407395216aca237b4d93e6,a6a199f42919803358f2355985922df7,SB TEL,"SYMPHONY B19, E76",Proprietary OS,Proprietary OS
08d9a9674e972d999f0709ab88419868,e157d4b9683bdf3918076d53c6aa0e2e,LAVA,IRIS 505,Android,Google
45788cbd4db9cc215791f2ab7c93a4a1,f9b8b0a935d7b5ef4e7721ec455bd8c9,NOKIA,ASHA 230 (RM-986),Asha Software,NOKIA
573e9cc64814c52e771f45651912221f,37197e295b06eee071d36e2e67ea227b,NOKIA,150 DUAL SIM,,NOKIA
41a1c118829816c8244082c8da51d52f,f16733a2b000319dce737c7d416425b1,SYMPHONY,D22,,
e9be950dafc33a48e33f05ed36c03ef2,9daecd45595d5649cc6d24714e18e30c,LAVA,IRIS 705,Android,Google
94f400c66b7f1f55c4af0ef35573a98c,eb0f2d7ec730be8649b5a86920d918a5,SAMSUNG,GALAXY TREND II (SM-G318MZDS),Android,Google
d14c1b5404d6fb81ead72357f349db79,6d542381c526fbb3a6f1bc9f74e72265,SYMPHONY,D140,,
b7ee042b94d1db84b280d60abce5803e,4c3513f8f4133d3f159c7cef9013b10b,HUAWEI,Y7 (TRT-LX2),Android,Google
9e7af7fe564f7e6ff8881df7de918a08,23bf0c848b7e6b6608de709506df53fb,SB TEL,"SYMPHONY B12, D115",Proprietary OS,Proprietary OS
23b04167d06762efaec163c54bf8eca5,0fea53b12102108f718659f158ddb585,HTC,0PMG200,Android,Google
9766f684832a3494608e6c20b3e4297c,eb09372d89bafd61d097244c3d99301e,SAMSUNG,GALAXY J7 DUOS (SM-J700H DD),Android,Google
c9aefe0df1788e1ea85fdd8e33b3738f,4a9809102e479a4f66ce6534053e95be,SAMSUNG,GALAXY J7 DUOS LTE (SM-J710F DS),Android,Google
85556062b2fed03b5666c707b450a692,fc619a55976fc4a7cc1443c3eb89b1f5,PEACE,PHONE M1,,
a803964950868db6e272f0ac4f4cbc90,cd9051ceca74dc3069804b72d3b80e14,ERICSSON,BYTWO BS400,Android,Google
779f333f92380841dfade8a88b471f5b,0e2505fe8f830018d809a5caa944a409,SYMPHONY,H175,Android,Google
9c20a7d0d8cfbadf83b12fa5e3216473,af7ec3badd80d379739164a5b2f78a14,MEIZU,M3 NOTE,Android,Google
7821c5734b8e85226fa9204fd7085759,75d3d2f661deb16e4acd9036cca1cf36,OPPO,A1603,Android,Google
fc6eb2d46b4bca1f906ba8151dfed318,542b7132c8ab43659f65069dcb8cecef,SYMPHONY,"L25, FT42, W130, W69",Proprietary OS,Proprietary OS
008965cd2aef0da850f9316ed3ca92cd,c4a199ac879783ae1c72876396eebfd7,SAMSUNG,GALAXY J2 (SM-J200H),Android,Google
e56e5b4db053d0e360d150707ead57ae,95721c2f55e4ee58e86a12de330d5d7b,KECHAO,K66 PLUS,,
c523df584887ce57b101c053872d5b25,6d542381c526fbb3a6f1bc9f74e72265,SYMPHONY,D140,,
8deb301851c3f073448859b91e3bad83,6e2ddc9994f020d183f788bf88afdae2,ITEL,IT5232,,
35514ebe96d6e710a47c30abfb2fb6e8,039a83a121fe9f5fd8391eaf5fa7ff48,HUAWEI,Y3II (LUA-U22),Android,Google
fc7341dc2bd74823489b695ab8142c70,1257d95f7208d593f05e9465f04146ea,SYMPHONY,ROAR V95,,
f30475f8fefb8e6114ac560b86bf87a5,e7046d151ed510098aa35629c400aa71,SAMSUNG,GALAXY GRAND PRIME DUOS (SM-G532F DS),Android,Google
e6bc0e116a937b399c257b750cda9d24,1e24dd817fa423193a4a762d704bae30,NOKIA,6 (TA-1000),Android,Google
523ec3c31b6088f99e7beb5b3d6c5786,2278bd0ec32821b981511131f7176a9e,XIAOMI,REDMI 5 PLUS,Android,Google
f224cea589af710d6245c0e5d840ff7b,f3c1413f6810185b2ee3b00d50785a4f,WALTON,PRIMO F7,Android,Google
23344897ddafb23795320e2791f46705,d24748fd94b01566f646626774dca1aa,SAMSUNG,GALAXY PLAYER 5.8 (GT-I9152),Android,Google
f2ed3d285eaa1a9ed6f10912f2b9327d,fe0f33e22d17700f2c99ce20d75ac237,SYMPHONY,R30,,
3f19591ed4599ed025e59324c20c3a41,a7b09d42a667521f87a82eb9dd643fe2,XIAOMI,REDMI NOTE 3 (2015112),Android,Google
f636597fab9d9db82a33fb96ef7712c2,542b7132c8ab43659f65069dcb8cecef,SYMPHONY,"L25, FT42, W130, W69",Proprietary OS,Proprietary OS
df531720aab04e99108456d3cd17f5d1,60399f81da527e2c53ff389892f01d79,SYMPHONY,I20,Android,Google
33d0e9bdd25836f09d633ab8e7fe67d0,c231d7e3961a4674f43e4574bbf0cc52,LAVA,IRIS 821,Android,Google
9ecaaef5660e417229524bd34d1a5722,97a8a3baa7b071b7862868f8ea48b333,CECT,S80,,
9a2b1005aaa6313ef2e6ee2bc0b5f328,f329899e4f2834ff58bb95c85dca4843,SYMPHONY,L55,,
5de78c43e2a23fe6b4a184a1e8ac270c,ad64368ee3ee572f421dc2029b5766c4,WALTON,OLVIO L7,,
16f3c5a363198af347be564961bea00e,5de24522561b13796556243e57945cbb,SYMPHONY,D54J,,
9928017874698ec63995b2498444d67c,bfa799c460dc1d98d5fd91701c3e8b2d,NOKIA,150 DUAL SIM,,NOKIA
aa52c17dfa4b21b03717769aebc3e0ce,76b85087941aa96acb314fd0b1d2f051,SAMSUNG,GURU MUSIC II (SM-B310E),Samsung OS,Samsung
b7d646c41dbc8aa7809da0dd64faaa29,5854d3ca1fdc3192adba4c3b8d00e434,KINGSTAR,"KS-M1,KS-M2,KS-M3,KS-M5,KS-M7",Proprietary OS,Proprietary OS
1b1fd33e1029aeea959003909312d2c5,c4a199ac879783ae1c72876396eebfd7,SAMSUNG,GALAXY J2 (SM-J200H),Android,Google
97fe506cab2fe00d35e36fd10f3f2883,ec0d5d07654f52c6088732755141936c,WALTON,OLVIO L11,,
df3569a4dc62fc6215f97a4aeac085d1,445035141fa0d21fc9cc160f0355634b,SYMPHONY,I10,Android,Google
700007ce0ad0d22767f6572c33dee77f,3152ab0f1cc17f183a5f95913eb09041,LEPHONE,LECOM 3100,,
3be9c5fd91dac7f118a23a920cf0f70d,45893365646a66d296d7aa0597ffe9e3,LENOVO,A328,Android,Google
03a7753c2d92dad65e9639de27a34f3b,a6a199f42919803358f2355985922df7,SB TEL,"SYMPHONY B19, E76",Proprietary OS,Proprietary OS
c81eacf096b590b41962148d26523e8a,5f9648949e593d4b277c73d087fccab1,SYMPHONY,"E10, E60, ZVI",Android,Google
64be8954e1f363d280975958d4ec4b96,04ae203f99948e5126b7442c7f5c93f3,NOKIA,150 (RM-1190),,NOKIA
e9be47e199cdecb9350187f95026b373,e207a2ab2a4bfe61ea1b675f55b3d8d6,SAMSUNG,GALAXY A7 2017 (SM-A720F),Android,Google
115448965bb3f725205918e893a1f939,23b4e29a115292c62d4294d4a5cb8b9b,NOKIA,108 DUAL SIM (RM-944),Series30,Symbian
356c4a1731806cb167f4a372e30bc633,f2e935469f6f334ea17f1ab676c1b217,SYMPHONY,L50,,
446fbaaa4272820ade19b1f32326c362,bb642e5f66fb7e8ee35dd25610382554,SMOBILE,"P16,Q5,S810,S860,S880",Proprietary OS,Proprietary OS
6b5a962a5e05909f8bfeca0893264c1c,2db36290776d9adae67860f126a8dddd,SAMSUNG,SCH-W120,Samsung OS,Samsung
3d1a34cdbeb6de1a5ab8f16b16c70ef3,e46c0b05520da8106b81861e33b2da65,LITEEL,LITETEL LT1801,,
876a584411f36a295a3e448d1c874b30,70a7607817808328fa4eff143bbdc5d4,SB TEL,"BL60, D54I",Proprietary OS,Proprietary OS
dc10e063cb79781b064f0655b3ef9cc2,3df70e74a9b110e64a8508eaecec6ac0,HUAWEI,NEXUS 6P SPECIAL EDITION TD-LTE (H1512),Android,Google
643b0b730f462a2e99c5a669dfe5cf9f,27cd92aebe00d0311dbfb20fdc86d9d6,OPPO,F1W SELFIE EXPERT,Android,Google
1fcafb7d4d59a100a2f434014a62edf7,ec0d5d07654f52c6088732755141936c,WALTON,OLVIO L11,,
53ed6ca52efbdb4d6f6bb5700a70f01d,ed8345935ec6000b4139aa9bde5e0456,SAMSUNG,GALAXY J1 (SM-J110HDS),Android,Google
6d5ea21bc26dbce462de8e0c76a28370,cf79e1734bfe13ee600cb5917ed67a26,SYMPHONY,"M40,W68,W82,M100,W140",Proprietary OS,Proprietary OS
2c558a5e5836bcda40d633028ace902f,fa25ea536213e53d48fb136817988b1d,NOKIA,C2-00,Symbian OS,Symbian
e69220564c484b33c985bcaf3bc319d4,a8a51858a6f8ad876bf5897dad9dae03,TECNO,CAMON I (IN5),Android,Google
2c781072cf55c95070988dff70c24fd6,327db01062b6d0736bd448a66e39f893,,,,
d4133bb1c0371eb1c09cccbec759a9bf,542b7132c8ab43659f65069dcb8cecef,SYMPHONY,"L25, FT42, W130, W69",Proprietary OS,Proprietary OS
59a03c4d62e0a1fb90ec94ad3788ab96,a92b15c07bf7b4960d52790c3b00b083,WINSTAR,"W7000,W8000,W9000,W902,W903",Proprietary OS,Proprietary OS
b06551313e96a5ed8e5a8fcf82a45ec5,228477a79571652ad0d711d5f2dd3a45,WALTON,PRIMO H7,Android,Google
1bf26297db3b936c04ba780d5519ae6a,3b8972792853a53a27eecd2c8247c2cc,FIVE STAR,"A101,A102,A103,A104,A105",Proprietary OS,Proprietary OS
05bc5824fa527c7199e51cb1eb48aefe,df847b04fdd5285750cd31fa7218fe43,ASUS,ZENFONE 5 (A501CG),Android,Google
f1ca388ef5c023b1e395f2cfb723b581,a0c8f395ab38d3b25ae46af39c0bba6c,MICROMAX,X372,,
0bba483e8f6afb6c9d074969f69bb980,66b68cfc9666cf02c33f7c3181c84cea,MYCELL,"BEE17,BEE19, BEE18,M103,M104",Proprietary OS,Proprietary OS
9be967632eb1a9c5df59c5d02757f308,00fe8baceebdf297ea146f909f58050a,G-PHONE,"GP14,GP15,GP16,T66,T77",Proprietary OS,Proprietary OS
899cb62991fbce0d73a6c68d1449d5a6,cbbdbb8fa50339ce0b0eeb998c5e81a7,ITEL,IT1513,Android,Google
54381385401c63c06357bc679447248f,c94e69c4f10feec893989267a3f7adb1,SAMSUNG,GALAXY S V (SM-G900H),Android,Google
3ece62d86077e925ba811936c0871706,dc08c3327adcbbf1c4104d260370e174,WESTERN,"D15,D16,D17,D18",Symbian OS,Symbian
3ece62d86077e925ba811936c0871706,165acdb176c002cd45cab78630f5405b,SYMPHONY,"V60, P6, V40, T90, ZVI",Android,Google
f0dab298516fef50a19a957e488c81ee,145b09b7abc5babc2692ce48607607cc,SAMSUNG,GALAXY NOTE 4 LTE-A (SM-N910C),Android,Google
678c857ce117dede332777e12e414a56,073c51e1dae2de64810d580a1a6b1cb1,ITEL,IT5040,,
bf9adafc867045a048f1740cf0b96c8a,472cfc4d9081078f2c46ed366e5e3c30,NOKIA,230 DUAL SIM,,NOKIA
6b4a941087e8d4c402f9e78115050a50,34283700c6d3d6b0ed893d8da71f4d73,SB TEL,"SYMPHONY D29, L18, STUDIO 50",Proprietary OS,Proprietary OS
fbc01bf18b0596337f47733694f1ad1a,e157d4b9683bdf3918076d53c6aa0e2e,LAVA,IRIS 505,Android,Google
6c01ade9ed960fcf5fa6e7fc6c59d28c,d969133a7ffe1cc30ba5b82658f74f04,SAMSUNG,GURU MUSIC II (SM-B310E),Samsung OS,Samsung
9c794bd421a38ce7615a849249f515b0,36d1d68141082c83f3930bc1107827c6,STYLUS,E11,,
3ac0dd85e4976c90a64bb99c2560efec,445035141fa0d21fc9cc160f0355634b,SYMPHONY,I10,Android,Google
9f3bf0c31abd4b173828211a42d11447,70a7607817808328fa4eff143bbdc5d4,SB TEL,"BL60, D54I",Proprietary OS,Proprietary OS
f31f4eae9722baaf478e277e5ddd2d1d,42346e073ca185bc0240a94fd33d541b,SYMPHONY,H300,Android,Google
70eee05b49e165800ecc5bc50456654b,f2e935469f6f334ea17f1ab676c1b217,SYMPHONY,L50,,
9343cf8bbd1579f0dbccb0054e326b5a,84f4e7b381f43fc8aa29f5a1ad011851,NOKIA,215 DUAL SIM,Symbian OS,Symbian
d8c3ab6d1a9b5fe8ca3cabdf9b795ae1,5b72f354188bd0bab3c787600e9005b7,SYMPHONY,M150,,
03b0760b805b557c4eabe67cef08daa3,7ea9b7d03ee789db6bec82fa247776ad,WALTON,PRIMO GF5,Android,Google
0d48498b053638eb7fa74af5c30db814,b5d313c290ab0053a4a9ac1d1a44f368,SAMSUNG,GALAXY S DUOS II (GT-S7582),Android,Google
72b4c33d0c76c158888394e4d1619693,fa72974c2beb706153619bf68b287957,SYMPHONY,L65,,
d61d20de518a0930f90b6fb5562f2821,a1f9c134c7e899598961ae2420ea055f,NOKIA,5030 XPRESSRADIO,Symbian OS,Symbian
e997def5ef43d4a0eb0907f22e694861,c3681ed35b825acdd1f5040dbd0e8097,SYMPHONY,V92,,
f1a2622944590344a74d12ea8239ddaa,ae9aa406017f92e2e189f9876b935153,SAMSUNG,GURU MUSIC II (SM-B310E),Samsung OS,Samsung
af21dd587edee3fa6cb7aa07f068342b,63497efe88a050a2c4bf33d563d21172,SAMSUNG,GALAXY J7 DUOS (SM-J700H DD),Android,Google
e22c9bc23b61596822ede5b00899f0d3,ff3690ed2b1ca4251cf7c413e0bf5e67,SYMPHONY,H250,,
978f41a7b86ba04b075c9d6c98101439,1b673832f9aef1f847da10ee92329564,XIAOMI,REDMI S2,Android,Google
1beb63e49c04ebb39b09b39cbb9de64a,176fad099616fbcaef5f52abb9f46ae2,SYMPHONY,BL20,,
fa89316b3feb2bfe329bb43a8f83b81f,811d5c362681cf4b8ee8663efb46c330,MOREBILE,"J888, Q670, Q920, X2-02",,
aca1f03b7e861f6465036eca7b6eb491,be72759939640427b4c9c350a689c52b,SYMPHONY,V75,Android,Google
60d08d4973297c925478d7050c63afd5,2fb7d0e80ae89b4c23a59edb8c3c28b1,SAMSUNG,CORBY (SGH-S3650),Samsung OS,Samsung
3a4b2ed5562b033cc7c978f727b0c267,da3aea11c9e7a091cef992634f9ab4c7,SAMSUNG,SM-G5308W TD-LTE,Android,Google
2757fdd937c27c7bf20c6d2754b66710,89a96358107c18f696a84fc17b5316c1,SYMPHONY,D54I,,
cb0b16f5e8a025f4ed9059284ce2fd0f,9c0615bef9944345311a4ea04a307937,SAMSUNG,GALAXY J1 (SM-J110HDS),Android,Google
d0d6084476ea6a427b8d1b8eca3f249c,5ef40c22c314cb4b3626d7e113313c3e,LAVA,IRIS 870,Android,Google
168d04a1bce800356a6d1635887865ed,2f1cec5179e5f8191380e204dda091df,HUAWEI,ENJOY 5 DUAL SIM TD-LTE (TIT-AL00),Android,Google
3d8af2dc9d5832b721b17c64e6709ceb,70a7607817808328fa4eff143bbdc5d4,SB TEL,"BL60, D54I",Proprietary OS,Proprietary OS
c2e9300199af3824e429d36061884345,280a099bfd3f46677c87a3802fe0937e,ACER,LIQUID Z5 (Z150-US),Android,Google
f401030d0a58d523172f652a4029a372,61cd8b39ab39ecac08f5c8f90cb145f0,SYMPHONY,D52I,,
b0b38559c0db14a1681e786347493603,1807ff7202e1452f6773a62a802056aa,HUAWEI,Y6II (CAM-L21),Android,Google
72cc853683842a18a42b4414033dfc96,0bd476895dab575383305aba6b319957,SAMSUNG,GALAXY J1 ACE DUOS (SM-J111F DS),Android,Google
3260bc4ac72038b2be1d8d6758075fd6,261181addf07659be6652f4638a94703,SYMPHONY,V85,,
67f1f82e96f9be193a50192e962221b4,c8a7c3283ee0e528efc0e6060ce4f760,SAMSUNG,GALAXY J2 PRIME DUOS (SM-G532G DS),Android,Google
33d2e96c6d50e12750f05fa64ac877ba,3790523b51e35c06032b682bd34ba1eb,NOKIA,"ASHA 206,2060",Series40,Symbian
d7c0e37840cdce6c589c49ff10c94ea1,fa72974c2beb706153619bf68b287957,SYMPHONY,L65,,
60b303d9367a954974bf1cd3cb86dfc5,bc4597e6d630cb703d36aa75660d3ec3,WIKO,LENNY3,Android,Google
97c30f46b6e7da0a9cb8ab5a1cf08f5e,157ab71eb007998f57292ac5b8bcbdf1,SB TEL,"BL60, D54I",Proprietary OS,Proprietary OS
5e7ed8e9d17468e656b8c4594927b104,70c62ba563bc6cf8292b94d4a60de746,SAMSUNG,GURU MUSIC II (SM-B310E),Samsung OS,Samsung
49644a6690ca5cf2ff76ff9b09182688,445035141fa0d21fc9cc160f0355634b,SYMPHONY,I10,Android,Google
c49919687df3c6def2514004b8b47902,f633c4c8ff6d4561b56fdbcd5408c8bc,BLUEBERRY,SB415,,
f332034de3dc2b77a1a78b8e960899b2,9ad4a6f31fcee2f3e556e1fbac2a5126,VTECH,V28,,
31351065d47c8a07540fd38f8ef2febe,1e167eadfb8b3a99ce2f8849f55348f4,WALTON,PRIMO NH2 LITE,Android,Google
d36d85ad5bfd992e07e7e43f59629007,00fee679f6ac8a4bdd10e211c86ce6d3,SAMSUNG,GALAXY J2 2016 (SM-J210F),Android,Google
f82022a6a0d27181f317bd75ccb1ce4b,e157d4b9683bdf3918076d53c6aa0e2e,LAVA,IRIS 505,Android,Google
decab74a6147a3cf4dea2103da92e014,dd21a56a3baa9d0a08413e82bd0199e5,HUAWEI,NOVA 2I (RNE-L22),Android,Google
86e4d95e243f0f397f31727700e9956b,3a61cbece648e4fc0a2bd6017471c4fb,ITEL,S11,Android,Google
257103fecfae3bb01c61c4668e2056fd,1620761294f0fa0d952c40eaa7606800,SAMSUNG,GALAXY J2 DUOS (SM-J200G DD),Android,Google
bfd8e9635b69187e86481a7ca5aa3e73,445a21a21f84a6d8df26d4a6b9f872a4,LITEEL,LITETEL LT1850,,
80cdb0134979065a51ddcf16eccfb82b,9daecd45595d5649cc6d24714e18e30c,LAVA,IRIS 705,Android,Google
cd94ccb7c13d5b8302fe467a6563bcc3,cebe144f206c224865d47d74d34a9ae6,SAMSUNG,GALAXY J5 DUOS (SM-J500H DD),Android,Google
e23b2299ef9ff5ba7e1b71245433c5eb,1a53d1972c1f182bc9fd174bc1766a16,SYMPHONY,D10,,
352ad452841027b7f63d7ef3eca01af2,072318d93bc7ac7be3cbccf22857518e,XIAOMI,REDMI NOTE 4 (2016102),Android,Google
adaca75df2d3aa1bc6d7aeadf4f8d348,e1215268a4afee60e69984d3fcc13ffa,WALTON,PRIMO H6 PLUS,Android,Google
27e7799ddaf50c014739349c6eadf4d7,27cec7bcf0f9233a03c510f9e911afb9,SAMSUNG,GALAXY J2 (SM-J200H),Android,Google
f9090a0dbf8fe845481fae0952e211c3,5f21f2816bff00f7b32fc9907652668b,WALTON,OLVIO L12,,
e3346061e3c5f510c327547a54fefbe5,d50a963b8035473fd3a949afc2edd5ad,NOKIA,230 DUAL SIM (RM-1172),Series30,Symbian
2c0292bcf7835a5c874dba34308e65f8,efc77d7ebdeea922ff12d75c107b7292,SYMPHONY,V75M,,
57f50027ae0b080b33eb3d23a725f3da,d996da073d1c0d2eeda4d278787597a1,SAMSUNG,GALAXY J1(SM-J120G-DS),Android,Google
319be625635aef7e732b346379134f8f,5186c727141582d49011f8865d641c1d,NOKIA,103,Symbian OS,Symbian
9479228c0620242b86c96bfaab490866,b535d97f40234dfdbb645d92b6bcac04,LAVA,ARC 101,,
77e19d14f729d6a12b8610b77638297e,8a6ad651eee8b7d8fdfa1d67f66616fb,APPLE,IPHONE 5S (A1457),iOS,Apple
6e528de62a08c258df214e98882bd0ec,81d68a77eefbea064fd17aed6ed78a25,XIAOMI,REDMI 3S DUAL SIM TD-LTE (2016030),Android,Google
f9f7acfb71955ec40c0b260801f60377,5578acb2800d666d079981ab1bd7eb55,SAMSUNG,GALAXY GRAND PRIME (SM-G530H),Android,Google
5ac7cc100a0a1da2a1bd3ba8c324cace,af5ea833db1b7594c906a9f4a0e7ebe2,MAXIMUS,M123B,,
8f4de575b093ecdc07d52be19f2deca9,28d276a6a3af46441f4767758421d778,XIAOMI,REDMI 4X,Android,Google
6c35948b88380dbc466ae206dd9f9711,3c4bdc33586a4c08333d0e5279a69618,SAMSUNG,GALAXY S DUOS 3-VE (SM-G316HU-DD),Android,Google
688a8e178ff46dcc3b29d862ee42ad0e,c4a199ac879783ae1c72876396eebfd7,SAMSUNG,GALAXY J2 (SM-J200H),Android,Google
751584d87d0dfde0cface8bd8206e3a2,3bbd6d61f40f53b0bc22abbe62ca1d46,SB TEL,"H55, M90, D28, M85",Android,Google
a92e511558296d2d857ece532f02de22,d4245ea9296daa3e90b802c3afc5e00d,SYMPHONY,BL20,,
77bfb8bc5239f5ad1958a38fae08bdaa,65a0b9337c703fae43ecb7afe74758a4,SYMPHONY,L17,,
3081fed9292e8fe36a274d794a85aaa8,43fd11cea548131ae1ade1485a9d5038,WINMAX,"W40,W50, W90,W100",Proprietary OS,Proprietary OS
59ef71b87bd49eca96513fff133fba6f,86d89b05d2f95ec987d10d92af9fab31,OPPO,JOY 3 (A11W),Android,Google
ac1e3684edc99e142ca91269e85fab32,aa5a32b8053cb15bad7be50340110b44,SYMPHONY,"E25, D34, E75, S250",Android,Google
eec04d4bf8d3c771a4dc47fd22061faf,c8e5e1b4fa8acd0490db628094e85f0e,HUAWEI,ASCEND Y635-L21,Android,Google
37b954423600b6b1a51bcfc25085a3dd,4e25e69993bb26a1e5af1e87128d4ccd,,,,
51c913c729d113c45d259c09a55a4ace,472357714ec6131c1db18838dbb90ac1,KINGSTAR,"M4,X1",,
d17c998fe6f4222bd97107164a4164b8,f16733a2b000319dce737c7d416425b1,SYMPHONY,D22,,
bb14b5297f606d22b9a84f7428aa2d55,21e30338a0801fb8aa8497adf7daaf14,SYMPHONY,"T100, L22, B14",Proprietary OS,Proprietary OS
3d87681831396502c62dabe98f5adc1e,f7c4790984a49ce79922809d10a4d6af,SAMSUNG,GALAXY ACE (GT-S5830I),Android,Google
86a994eefccd4b36c3227d45ac178db9,3b6de420179eea927230aa6983a741d3,NOKIA,108 DUAL SIM (RM-944),Series30,Symbian
08e110fc77fa14a8f8145fd64edb4a02,f203524c7a45d52495671226f7767dea,APPLE,IPHONE 6 LTE-A  (A1549),iOS,Apple
69012d22b0da889c16bb4abe94e62b92,fce22962ff94914e80537bff3ad8c2af,SAMSUNG,GALAXY J1 (SM-J110HDS),Android,Google
6b7eab3d5c6cac6ac9ed5619c4917ae1,e2b3cc1f5464ec696f5817c288ebe578,SAMSUNG,GURU MUSIC II (SM-B310E),Samsung OS,Samsung
6228fb0171c191d6eaa0108b6fdad8ee,ad9d39d81b90f7d1e430c9646bf039d8,SAMSUNG,GALAXY CORE PRIME VE DUOS (SM-G361H DS),Android,Google
31f0d2b7799aeea1b87e8246d8c19279,9d11fd7d8497396d556bbbc8dba9ccee,QUARTEL INFOTECH,M124B,,
d632c03b3b1c52c10738941cdd300612,43908e834ef5ea643f8facf2a937fa27,XIAOMI,REDMI 5 (MDG1),Android,Google
84eb37399eca478598e899d706c02776,27cec7bcf0f9233a03c510f9e911afb9,SAMSUNG,GALAXY J2 (SM-J200H),Android,Google
17454454ede498c491581333b54d9f44,94039b29e1267d49a7cd175e2799f53b,SB TEL,"SYMPHONY D57,KT15,FT06",,
2fd2e8d43205191c1810e57d1c35906e,e78b64f4ac038867f94b3f38654727f8,GIONEE,PIONEER P5L,Android,Google
daf89eb958b97b1022cae05de08a0741,5330d7f51372d98815c68ed6228d65f1,LG,F240S OPTIMUS G PRO,Android,Google
1d49468c0440414c3e686802131b92cb,74389d77520152b07ec2625f99490642,MICROMAX,X649,MTK RTOS,Motorola
41992cde995bdcd99e91ad7573b2560f,a3eddbf24df9c68780fe94bc4981f5d9,LAVA,IRIS 41,Android,Google
076d9c1cfb064a9acfc0784c1bc362db,dd766127b4682d8c80c25eff71be2a4f,XIAOMI,REDMI 2A,Android,Google
b7cd3f20540592471c0b9b13efd94b18,0ea0feafb4fcbad1e5462a95cc2126bc,SAMSUNG,GALAXY J5 DUOS (SM-J500H DD),Android,Google
c705f863643da9118aa055be0a28d1cd,31e9bd461d370ebc7261deb833936774,SB TEL,"BL60, D54I",Proprietary OS,Proprietary OS
5f874a70180b0161dfb1e9142e030ac2,4158ee261345c98c7b2a1563afddb268,BBK,VIVO Y11 TD,Android,Google
968fe926ecf23df393b7d90674019bc0,619ad2b96db927fbdf44a488894ad248,SYMPHONY,"T80, S200, W14, M44",Proprietary OS,Proprietary OS
8b1a44d6d3732a180d31961e6fa6708e,dffc68c4c56d545878c5c17ac309b515,ITEL,S11 PRO,Android,Google
44c315a8944360f424542cebd069a27d,526e5577d983430015027596b866c2c3,NOKIA,"1280, 1282",Symbian OS,Symbian
64667c4ff3d3937350d5078b867e7371,246fbe596470b86d646f790542177af7,SYMPHONY,D19,,
aa9830ffe59364a86c0269ede1dfe47a,b6ef9b4ab2d433948184e75267445a60,HUAWEI,Y3II (LUA-U22),Android,Google
d030dc14b8f9f469a5014b47092b7730,dffc68c4c56d545878c5c17ac309b515,ITEL,S11 PRO,Android,Google
2b00f907cd62ebfbf0fd64e8c9d52c81,aa5a32b8053cb15bad7be50340110b44,SYMPHONY,"E25, D34, E75, S250",Android,Google
e7ce96b8b917d85efe93d947c6190fce,00f772402f56dbacc3b81453c6737d58,WESTERN,D32,,
b4ae546a7ec25893d181a8e4a51f09a9,72ea13ad4020bed8134c0cc63afc72bd,SAMSUNG,GALAXY ACE NXT (SM-G313HU),Android,Google
da29f5a3a44416de5b38f4dbcca688ad,6b6afcfab0293450f30ac2e9fab8c015,KINGSTAR,"KS -C4, KS-C5,KS-C6,KS-C7,KS-C8",,
d7cf91c7e4453432d36f001573676555,9ded2200adabdcece6d150fe8c85eadb,WALTON,PRIMO R4 PLUS,Android,Google
ecca0bf1682ede6f9f01fea55bc4c401,ba90d2f481ce0696efcc7a8d78f48137,NOKIA,105 DS (TA-1034),Symbian OS,Symbian
0a25c76256810492101326da44a64933,96762f567ace556997563c6d80a1b912,SYMPHONY,V49,Android,Google
27ed7d273de6e600fbed3047f9343ef5,01602b17db594c85019018548e36fdc7,WALTON,OLVIO ML8,,
dfcc678e9c4c9926c8f8dff9edd9b4bd,d4d1928b59383236cd5d3b83fc3a232a,SAMSUNG,GALAXY STAR PRO DUOS (GT-S7262),Android,Google
23cbbde3a07bf6b9c321b607bad39cd6,8e68671c4a5fc1150e29f54e622df742,XIAOMI,REDMI NOTE 5 (M1803E7SG),Android,Google
eb74a9fb2847ef0532098d957997c4bb,d9b901921ba2dc58b43fd9f1c76e0177,NOKIA,LUMIA 830 LTE-A (RM-984),Windows phone,Microsoft
1c30cafc8eab0b24a57e5576cea4d0cb,5533f98a9b641da97c8f408d142fb223,HTC,EVO 3D X515,Android,Google
fff3616cb483c3c2d951ed50866e3b78,c2596a7cc81d540efd8536153b21b9e4,WALTON,OLVIO L8,,
bab39b4053e75dc78e8b0fc5fe1d9745,1cf08d0c9e6ca48242164c0b8abe9ba9,MAXIMUS,M115C,Proprietary OS,Proprietary OS
d1a26bc2b2f0eea6e475b6a04bef9546,7b368bda9eed91ce6d82769b6821c541,XIAOMI,REDMI 4A (2016111),Android,Google
32e4791631429d16187c2c607823c438,de7b17d695b7fbf11b6cef3dc28fda8c,SYMPHONY,"W19, B13, BL45, E50",,
ae737f5ffb71a3d3ab05c011171e25f8,f329899e4f2834ff58bb95c85dca4843,SYMPHONY,L55,,
93a81821aab08c6b58179370f1f89fbe,542b7132c8ab43659f65069dcb8cecef,SYMPHONY,"L25, FT42, W130, W69",Proprietary OS,Proprietary OS
fd8dad40c016ea9bb8ec8c1ffba16834,3bea3687d1bae1016df6e16bc87c39a1,MICROMAX,X088 PLUS,,
812e16372257537f446f2a8915fe2392,c5dbe1d25ed123ac3f427643dc3e1991,SAMSUNG,GT-E1282T,Samsung OS,Samsung
e30db7960affc4c3df97d71163fa2243,3814a423e3cdb6027053c45156ae038c,SAMSUNG,GALAXY CORE PRIME (SM-G360H),Android,Google
dc9e519283f786632cf9f58645237b9a,e157d4b9683bdf3918076d53c6aa0e2e,LAVA,IRIS 505,Android,Google
3155f224e0e0456c442fcd62b4ea6264,51c266c5b805b9dc1438ea58b35eb125,LAVA,IRIS 820,Android,Google
469f66b77585e941ace20a523d9eed3c,c173b0d016d2e264fafd4a676ae361fa,SAMSUNG,SGH-P700,Samsung OS,Samsung
f35625bc4d5633ca50f32c2de5e82028,8e94f5e35c625ea54ad10696ae7c5759,SAMSUNG,GALAXY GRAND PRIME DUOS (SM-G532F DS),Android,Google
1d90d40ade877c2114c2083f0679a664,1ee41004805a09326856e679d085908a,WALTON,PRIMO H6 LITE,Android,Google
81e1e7f1d6c316d7374ac3b8b68f1c46,3683be765a69bcc5fda5676068dfc6e5,SAMSUNG,GALAXY ACE STYLE (SM-G313HZ),Android,Google
404f72c5924c90b3940e5830fc3175fc,d9fd7157b8fd8f5e647faebc39ce0cca,SYMPHONY,P7,Android,Google
1582f277ee3411803ee9e77d95a43491,18ab61c30358fc88eca1f9925e9773f9,ZTE,MF710M,,
ff8d9a7a1dc2db7adeeaad5a929beec0,b195adf0cd7d4d2b44fedb24a3fb1260,SYMPHONY,I50,Android,Google
b1387c738dc4b1a16e6d1dcdae3dd30e,07352ffea9a8f30c1ea4e7eec707f05f,SYMPHONY,"V50, H150, V80, B13, M1",Android,Google
e4f7b9f072a15d3031bcabafdbf609f3,a89b601b2e0f75337c2aa516eae5bc1a,XIAOMI,REDMI 4X DUAL (MAT136),Android,Google
4f2fc7a008e78ecd79769b2918d9a4f0,254d56c0e33b99522df8b14b3fc8baf6,SAMSUNG,GALAXY J5 DUOS (SM-J500H DS),Android,Google
aaf96dae186b672672c85ebc36ecee4d,3c449014d3dc9823343caa4705c6278a,HUAWEI,Y3II (LUA-L03),Android,Google
7559620c8726d11421d04b133f113134,38585495b1a8beba6a789610bcda4016,SAMSUNG,GALAXY J3 2016 DUOS (SM-J320F DS),Android,Google
93d845a5ac7388876a32c1054b49e56b,4c61c3fa7f3098bb5f8a9f1444b4efe6,SYMPHONY,D38,,
2c7325dc743c4ef820924d2aaa23eed5,e9be9dd78c1a49af3d248667ff751037,WINSTAR,MOBILE PHONE S-3,,
d24ed8febc9f615bfebab03cc4cd497e,535b5c3dbc2f2acb8c2fd834b9b6ce8a,SAMSUNG,GURU MUSIC II (SM-B310E),Samsung OS,Samsung
f7251f8c95824a7a9f391f786552ebc4,6e325c229bea708b71c70e1b17931e34,QPHONE,"Q666,Q777,Q888,Q999,Q101",,
8ef780d6194ac862a3aadf6e67c45584,30184d9c26b53c584654de09d13395f6,G-PHONE,G-444,,
0c5ebed80236843b585840d6d388e102,c38d777b04af0560bedd22a173b34b99,WESTERN,D44,,
ffa4685360412662e369b185b124e27c,996d94ee7d7b350c080dea2eed447e95,SYMPHONY,B17,,
02aa525bd70581b80e68876ae7215bea,70a7607817808328fa4eff143bbdc5d4,SB TEL,"BL60, D54I",Proprietary OS,Proprietary OS
dbdfe69d4c0194bbcaadbb447f14602b,445035141fa0d21fc9cc160f0355634b,SYMPHONY,I10,Android,Google
195da23ce5bc837793c0b796c526896d,50bb37f6cb3117c7c3b5186188cd9be1,STRAWBERRY,"DAISY, SUGAR, SB211, SAVOR,SCENT",Proprietary OS,Proprietary OS
beb04bd8163acd3135e9c447ac141b62,c36cc1c2c3cb4b05a18d9ffe8eec9640,LITEEL,LITETEL LT1851,,
8c32a229c8de90accf2cc7f5ed9f105f,778091572e2f4107ebed13b27677d231,SMART,S-25,,
77d6c85a1eb49d9c8369a665367acd43,143036328d1cc02cb2a53e56ac448ed3,LAVA,IRIS 605,Android,Google
7140a0f1b619b0b2dedc063c3a2993a5,638748d45c096536851b5564a1122798,SYMPHONY,D22,,
65e4338c73f4c21cba36f02801b268cf,3cb979fcf40efdc80166fef4f0a80658,SAMSUNG,GALAXY GRAND (GT-I9060I DS),Android,Google
ba22ca93045a5d960227044c47b11e8d,f26608bbd9cef1cbc3f863125ca6084e,SAMSUNG,GALAXY J7 (SM-J701F DS),Android,Google
bf706fe8fbbe83c1290355776cee78e0,a34797205ed7f3c9ea6420b0f26f4acf,GAMMA,GIVA 101,,
1dcc090328559d746cef9300ab4e82d9,5e708c2960647f0735c0ca72ee2d5465,SAMSUNG,GALAXY S III MINI GT-I8190,Android,Google
f2305778e451a745c6d63d846416fce7,60a53011714b73dc83a849a5d3e61fdb,SAMSUNG,GALAXY S DUOS II (GT-S7582),Android,Google
c7102f2f81c275a10b11af28e061858a,d4015a688d4e679ba2b8dec8b87de084,SAMSUNG,GALAXY S8 PLUS DUOS (SM-G955FD),Android,Google
ba7e59bf0e35858536f79d1b2194b4c1,38585495b1a8beba6a789610bcda4016,SAMSUNG,GALAXY J3 2016 DUOS (SM-J320F DS),Android,Google
a271f8dfba6b13692bcfaa3c0259d2d5,157fcfc4a7dae482de544825e202e35a,WINSTAR,MOBILE PHONE S-4,,
059783af04d0d4cdfe66559a70e16d5e,ea8d3a3a2c714fe328af968fe9692923,NOKIA,108 DUAL SIM (RM-944),Series30,Symbian
b85035a0c22dd4ad50223e534435adb0,4e01acca34b67fbe981830e7e9d2f686,SYMPHONY,"W67, F15, H50, B12",Android,Google
2930ebea6194846b43bbcb6b0734c43b,27cec7bcf0f9233a03c510f9e911afb9,SAMSUNG,GALAXY J2 (SM-J200H),Android,Google
3ff05fefdfc4d5589c9714d232a8e7ef,b6ef9b4ab2d433948184e75267445a60,HUAWEI,Y3II (LUA-U22),Android,Google
0ebd63ae3e37eb5f239d384b513b89e1,a406667fe48e0ed7b0117d754d1642da,HUAWEI,Y5II (CUN-L03),Android,Google
806e4871fdf23b2429b3c60860b93600,1fb348669fe99f500312cc8887f034c9,NOKIA,230 DUAL SIM (RM-1172),Series30,Symbian
f0a572940cef729f0389dcf41e070be9,be72759939640427b4c9c350a689c52b,SYMPHONY,V75,Android,Google
8698b462a65f0d93f2631cc3726b9dec,b68c0057469f64fcaa2c66814d4ae90d,SYMPHONY,V75,Android,Google
fcf5719c287709cc686fc2b9993cfdd7,1f1075e3094df10e546cdab30a992c8b,NOKIA,110,Series40,Symbian
ed96b4aab3ed335451f5b6afa847c8cb,d3f9f5b352e0dc88e5f525cec64e24b1,OPPO,NEO 5,Android,Google
5a1851810229009b4e325c2abe9fea4e,750e8766e0ef717cf8c61315ab769acf,WESTERN,D36,,
47819f5f3cec12b21b9321a24d566e44,7ea9e11666caaad710ed88ea55ab3ae6,,,,
cf209b1557d795d12a0bc326ac7a8911,96762f567ace556997563c6d80a1b912,SYMPHONY,V49,Android,Google
192997afc569a2b9897e423e3bc9e849,fe62112c02259dca01227449d65e816b,OPPO,CPH1723,Android,Google
6b68819e3ca43eeedb6baa1050773b33,dd77e0c17801f6fb813dc4af1a238f89,HUAWEI,Y541,Android,Google
19a53fc07d0c63da275cfdca80bacec9,1a96f892b6b7944555e5e4454f81b1df,SYMPHONY,I60,,
90f315db50b819044e4829acf8bfe235,664e355035a88046b5c7d37e0cfdba74,NOKIA,3310 DS (TA-1030),Proprietary OS,Proprietary OS
41af72561aa7e9870a019f207c7df2c4,184489abae7a2083f589d7d9dc8c8ea0,SAMSUNG,GURU MUSIC II (SM-B310E),Samsung OS,Samsung
0f157640b9a7302bbcb9e7606b87df9b,1c6e48702568f867c2e36a3c19c0492e,NOKIA,105 SS (TA-1010),Proprietary OS,Proprietary OS
912c0de361e480d7f0a9b7738a125f17,1d804ffd95f9c909ad7cfaa2a34ef617,OPPO,CPH1723,Android,Google
01a4d58c635359d7c637345400792a85,0540d227a63e87d0cdf2baab2cc485e5,WINSTAR,MOBILE PHONE S-2,,
4fd75d6f935b29369e6b0a1e8841a181,7699265cc7dc0fab1655d1cbfba5a7f1,SAMSUNG,GALAXY CORE PRIME (SM-G360H),Android,Google
b9731960ee7d51786deaca8e14e101ed,b04d121a9aa573a19e78944d24d7683d,SYMPHONY,V120,Android,Google
ce17659ae6d6f2a0e619ef74c2fb8866,9a26b9adb325bb1ec7a48c9a19c88ef7,HUAWEI,ASCEND G6-L11 LTE-A,Android,Google
84e2c66c0508079ab4b8a43f04920c56,49fa5c61a47ba1f2d71a4c702a62e1b4,NOKIA,1202,Symbian OS,Symbian
210ca6810f56afd140504cb692c98bc2,e94fbc19d0f4232822a3743465f35c58,MICROSOFT,LUMIA 430 DUAL SIM (RM-1099),Windows phone,Microsoft
fd11939e91b5e904bd6214ad0304f7ab,6bd253e0c00eacaf7a1032b4a77718b6,LAVA,GRAND2C,Android,Google
a8f038da4023cd35dfd977e2f1b00883,2cd75496ce97a807ec398c9b0fd8c758,SYMPHONY,D55I,,
f1687b839e2ca0ccdd27e821679cc3cc,82ee889cf8ff11d2f006a9c59970354d,KINGSTAR,"KS-B20,KS-B21,KS-B23,KS-B24,KS-B25",Proprietary OS,Proprietary OS
1d6839163772b291b1651923e063fc8a,defdc6dd842c8131b748cf9c0ab55712,SAMSUNG,GALAXY J3 2016 DUOS (SM-J320F DS),Android,Google
3ad0b5ac62a753b5ff3b31fcd4fdbe1b,1acf2e69695b9ac369e112d0f9e18419,WINMAX,"WX82 WX83,WX90,WX91",Android,Google
d48a62d8bc2468bd2339a8713d92670e,27cec7bcf0f9233a03c510f9e911afb9,SAMSUNG,GALAXY J2 (SM-J200H),Android,Google
a703536bc958493926398366d02b0927,b840905736ea84675839557839f299f0,SAMSUNG,GALAXY YOUNG II (SM-G130H),Android,Google
33dbf51fe3dc9744a9c9f3c185a0973d,4e90a0d4c97663817a639a85bf31d8e0,HUAWEI,Y5 (2017),Android,Google
f5bdfd6735411c6c7b3bb56d0c47b1fc,d881a324cd8ac19a944d0ec2380d7633,NOKIA,130,Proprietary OS,Proprietary OS
813e37e72a309bdd651d2d8c2e942d1b,cbcb58b79a7d1b7028ff8cc271e6860e,SYMPHONY,D101,,
8d00b4bac677b2ab9a1d8a8d7b628fa1,51d92e37d4f619a6ef9e52146079c55c,SAMSUNG,GALAXY J1 (SM-J100H DS),Android,Google
a50abf0818ea6fe7ea40a62bafb85b40,3c858ab94ad1d396500610b0ff02b7c3,LAVA,IRIS 60,Android,Google
f64a704fb6c9797f2be5f8a327ea6269,ad64368ee3ee572f421dc2029b5766c4,WALTON,OLVIO L7,,
977f869b4db302312872ee28cf5c9f49,88e581b67db0c460c8ba66bbec4d0f7f,SYMPHONY,"B9, FT34, B11I, H50",Proprietary OS,Proprietary OS
45dcd4d8b5aa99a88de309b495aa6bb6,28f92333f3e770ee2739dee1f6f7e865,SAMSUNG,GALAXY GRAND II DUOS (SM-G7102),Android,Google
75eb06e99f525992284952a827d51c7d,290063cb9a5f0f8d237b0cecf21a4779,SAMSUNG,GALAXY J7 PRIME (SM-G610F DS),Android,Google
9274ac4726458615a78eaf67fbf4d43e,4ea5a9022287812055d1611e029784e7,LITEEL,LITETEL LT2801,,
0952d2ad54daec3189bab4d7a78aa9cb,949a36f61ca7933e0d36e818be701b51,SAMSUNG,GALAXY GRAND (GT-I9060I DS),Android,Google
25caffb7b838494521437ce6db21f7ed,754c99c973a1b7de60b5db279869dea7,HUAWEI,ASCEND Y625-U32,Android,Google
7ef54e0dd9364195b620387357cc48b2,a3708bd30b4ee1d0a25e61c820b0754b,SAMSUNG,GALAXY J1 (SM-J110HDS),Android,Google
f891b2300456a9585f3dfde4ff384c8d,7664583ddfadb8d4f537ccedaed08186,SAMSUNG,GALAXY J2 (SM-J200H),Android,Google
c2477abb615b54e40fac68f6c42b1d7f,b3aefae56374505d3130d2776c6bbe74,SAMSUNG,GALAXY J1 ACE (SM-J106H DS),Android,Google
c0f97eaca4ccd46844e9d42926f53daf,3a61cbece648e4fc0a2bd6017471c4fb,ITEL,S11,Android,Google
078b98915d893aff7afcc86a6a80fe7f,e2943c1d1110fca193fafe64339a9bba,SAMSUNG,GALAXY GRAND PRIME DUOS (SM-G532F DS),Android,Google
bf75b1ef7357cde70af7c6af1a33d556,cbcb58b79a7d1b7028ff8cc271e6860e,SYMPHONY,D101,,
8d0f6987822e66edd30f1f6608639077,95721c2f55e4ee58e86a12de330d5d7b,KECHAO,K66 PLUS,,
11857af41f791bea0e9b3e5305b48ae6,14112feb4d4bb26f8b3ef5cf4b987f6f,SAMSUNG,GALAXY J7 (SM-J701F DS),Android,Google
3673318683aacb8340ca030604302779,1160a5f7a5cf666d9489ba8d1ecf9328,SAMSUNG,GALAXY J2 (SM-J200GUDS),Android,Google
7c4db56a04052d7fdad56f280309da82,a094ef78fe48026105e825005bfff131,SAMSUNG,GALAXY J1 (SM-J100H),Android,Google
5a6b30632967b186a6ced7cc708d9c93,1a53d1972c1f182bc9fd174bc1766a16,SYMPHONY,D10,,
6834d25cd099c4ebdb86f335e46e4311,ca2ed027c157ecea0041cf5fcc5fef2f,MAXIMUS,M315M,,
1ebe43f60809e12d331e40ace73444a5,d4df39302ffc8f70368b9d8e4b350b8e,SYMPHONY,"W68Q, W91, ZIV",Android,Google
636a6090b193dcf8a3e568140b49499f,53a6890cad049fb783b783b6fc78f74d,SAMSUNG,GALAXY J5 DUOS (SM-J500F DS),Android,Google
24bef63329781cbd2c542f05b2faa6f1,1b117aed1cffbe5545c07be55ce64af8,SMARTA,C12,,
ce679869a3d788212a9bacbf6d074936,634fe60676e2823afe05860bbadd2013,TINMO,F19,,
1173718906e55575a8fa3ae69609bdac,1021ebf79b806fffd7e54f8a2eb09c7a,ITEL,IT5020,Proprietary OS,Proprietary OS
e74ea4f059a62b8992a4f68cfbf224cd,281ef34f245237165fb7fc06e1719402,SYMPHONY,L200,,
0f47671261d49098bb58953723ae8701,cf3c0c5b0db93cab50f545b10edbd276,SAMSUNG,GALAXY J2 PRIME DUOS (SM-G532G DS),Android,Google
a15dca8aafd719a9eb7dacfed54b7ad1,6ae99031eea3507096a1eb2b543463a1,SAMSUNG,GALAXY J2 DUOS (SM-J200G DD),Android,Google
64d7e21ad22228f7e8aa6dde74dd3a83,b119a142ae9f7cd3a99ba4bb06b149b4,NOKIA,105 DS (TA-1034),Symbian OS,Symbian
24fd870296ee7fb93b38e9e0397ef7bd,0557bc284635d29723d0c33aead43b66,SYMPHONY,A10,,
124b17a313dd0d1a68666abbdbf7eb6b,a12ff2ce2eb50c41a5f4d7242757bae4,,,,
ad8256e6e491531c9c65a90dde2a7145,1a01efc1ee4928f52ef173a29e3d4412,APPLE,IPHONE 6S (A1700),iOS,Apple
408dd6145c27a8e93adca7038f167d95,cd1736f75ef6a8ffff1a02107924a1cc,G-PHONE,GP21,,
75dba311c165fd2266c3b34b18c524b7,82fad2455ea7a7476d581129b9ddb1d3,SYMPHONY,V42,,
083b1617537d74f6a3e3a06c1a8f60cd,c395eac49569e6741faf98284aef725c,SYMPHONY,B13,,
9103d5d397e6251b226878abbf61e50a,a4895132122aa9cf639e4a4011cc2401,SYMPHONY,"L6, W86, D51I",Proprietary OS,Proprietary OS
7d2b326ea829388c1a430e11fb86c15c,2959fdcc525e80660a8e7f680eab71a9,SAMSUNG,GALAXY J1 (SM-J100H DS),Android,Google
0db5500eee2318519edd62f11733eb84,d85c9379fdf0ef707388f2e9f5199a6b,SYMPHONY,L16,,
f0497df81abe76cbbb2ad1758e9c792d,3bacae9e079aa86b36373fbf4e9d8fa7,,,,
9c1031d94d52bb0286a00bb925942029,cd8d99838e79343c22406eaaaa2ae4fe,IMAX,"MX 115, MX 116, MX 117, MX 118, MX 119",Proprietary OS,Proprietary OS
0c471b4d77ad21f099a60f6e06d9b01c,ad64368ee3ee572f421dc2029b5766c4,WALTON,OLVIO L7,,
f543e25111157f095829a02f5398c233,351419e48b7ee04d08ec8bb62981931c,SYMPHONY,"L30, W69Q, W17, H100",Proprietary OS,Proprietary OS
ad5fdfc64f967b3931761756ecff4fd0,e0933e985647ff4d6fdaa64fd2b268a4,PEACE,PHONE PSR05,,
609cd3e334b73c792bcb15112e27dc24,ff3690ed2b1ca4251cf7c413e0bf5e67,SYMPHONY,H250,,
7afde7c52d1bdca34b22be1071f3bb97,8d430ee7f078cd82f525365394740e63,SYMPHONY,"B9I, W69, L20",Proprietary OS,Proprietary OS
7f8c2e69883d02d442b8e4fa31fa0134,748521fc6047b48b98123b406f8fd433,SYMPHONY,B12I,,
f7b9eb0b65258ef5418b0d197a158aca,5de24522561b13796556243e57945cbb,SYMPHONY,D54J,,
60a0ca817b7f5627b93a8616ba389737,9827ac5005733e46bd5ca592b6aed076,SAMSUNG,GALAXY J2 DUOS (SM-J200H),Android,Google
bf2301cc804884f183d65c04fb54cb60,3c449014d3dc9823343caa4705c6278a,HUAWEI,Y3II (LUA-L03),Android,Google
9758575540a65a54b72362d9f82e01e5,748521fc6047b48b98123b406f8fd433,SYMPHONY,B12I,,
b1eed7853fa249a8dc7b446869d33aa3,ce63ca67ad408d039a73c62ee246c184,WINMAX,"WX14,WX15,WX16,WX17",Proprietary OS,Proprietary OS
0197d226fc35374f7c7fdfff4db5e69c,f8383ea225dba1935901fa4aadee95c6,SYMPHONY,D19,,
bf4a218199f5927eb82aefe396d4241b,cb2f86b4946aaee61bf8b7b8f9793ac9,SAMSUNG,GALAXY GRAND PRIME DUOS (SM-G532F DS),Android,Google
ae20e19ccc56eea593c650744cb004bd,0bd174eaac100dcc9726aa95bd4c00f9,SYMPHONY,"V25, V55, V70, T54",Android,Google
a4c65dc96bfd090722d5fab7c895cf8f,59fe1561d70bef8f2acf87561ecfc2da,SAMSUNG,GURU MUSIC II (SM-B310E),Samsung OS,Samsung
a18999e22efe9453cfe0763fedb47976,8fd6ca87a3938627d874774792bf0d26,SAMSUNG,GALAXY GRAND PRIME DUOS (SM-G532F DS),Android,Google
5dbaeb94258d0713b73f0f0686ea36ed,e11775bfe379d022d5714ae7e564d7f1,SYMPHONY,"B16, T49, ZV, BL55, T8PRO",Android,Google
121260441b4179627f31ba37dc1ca3ce,c41c9e30159313a178b8fb7f4c1c86c0,SAMSUNG,GALAXY J2 DUOS (SM-J200F DS),Android,Google
ab4d0d9689acf801f6c583eeeb330630,3d869d59c6c3bfacf0108a5202d3e5d1,WALTON,"PRIMO G5, HM, E4, F5, H4",Android,Google
f7bd15a41119a21eb790083336b1bf3d,a6d30ce61a502babe8b4954f307bea6e,OPPO,F1F SELFIE EXPERT,Android,Google
8015928f9dd6e29e949f7ddd9c23a79d,792277cba213987d6f9e6e4fac58c2f2,SAMSUNG,GALAXY J1 MINI (SM-J105H DD),Android,Google
703b6948044edccc452e422698d4ea9d,66e82fef17af189ca01dddb3ed1726e0,SAMSUNG,GURU MUSIC II (SM-B310E),Samsung OS,Samsung
26526dfc1e3041608808d05265eaeec0,5537d60d813f7e9e38f7e1382e844ca8,KINGSTAR,HERO 2,,
0547ffefd4cd5e041ae8e6c15560544d,e11775bfe379d022d5714ae7e564d7f1,SYMPHONY,"B16, T49, ZV, BL55, T8PRO",Android,Google
ff676c5d5e7ce3ed6b7c7c4b5f4e9764,2962e96300c4e154a9d298e551e363a8,LITEEL,A2,,
7c16746298192c97c914df5fa89e3b4f,01602b17db594c85019018548e36fdc7,WALTON,OLVIO ML8,,
90e5bacea86d382f15205a5f9c660097,ac4350fe1c9c06f190494aa07c5c498c,SAMSUNG,GALAXY J3 DUOS HSPA (SM-J320FN),Android,Google
00c3795bb240f69dde2fb0ed357b44f7,c359847575470d244fc1f3efe44a1bc5,HTC,DESIRE 526G PLUS DUAL SIM (0PL4100),Android,Google
7b68a0e567d7fc38e30f53270ca06dc2,9d2ec44102ff29c351e96f8f2d8dcadd,ITEL,IT2180,Proprietary OS,Proprietary OS
dfff00830d7648b8689e54d947c9317a,1eb565b1c2ed27cbf182c26aebf4244d,BY2,"GAMELY G3, G9, G11, G55",,
72a326b8a7c76fff45648facd5c90b91,748521fc6047b48b98123b406f8fd433,SYMPHONY,B12I,,
3caf5186b2424d2d40ec3b15f09e1746,dc6e85540578d3a9e265dc9f13b643f2,SYMPHONY,B20,,
7cf02cab723e9f52550eb38b0660370f,5c22a3d53b0f796c4d2c7e44d811da50,SAMSUNG,GALAXY J5 PRIME DUOS (SM-G570F DS),Android,Google
9b5c91bda9d0652db6388d8a5a58997d,748521fc6047b48b98123b406f8fd433,SYMPHONY,B12I,,
289f865de6fa85197baf0648225ac9bf,a4669965253d28945dd81176441b2ed0,PACIFIC,"NEXUS NX10, NX21, NX12, NX24,NX62",Proprietary OS,Proprietary OS
4a2c5c423686970fcad12047d86968bd,014db465ba483a5934d52eea6f06a068,LEPHONE,LECOM 8500,,
60225ce1a9ae1fdb44af11fa28b3cfae,e9e16b131e01fac14e07ce00f315c499,WALTON,PRIMO EF5 PLUS,Android,Google
eec092b19dc2862b47deff61129987a5,4580d74bae91977f301d9aeab1014d19,APPLE,IPHONE 6 PLUS LTE-A (A1522),iOS,Apple
2e0bcb88f0481580aefa54185c8b5a28,1aaded9293175d0aa342acf3e2f030c6,SAMSUNG,GALAXY S III (GT-I9300),Android,Google
1535fb4537ebdfdbaf9d691fa40d2c27,e46c0b05520da8106b81861e33b2da65,LITEEL,LITETEL LT1801,,
a7744d02413383f9c301cfe4b354d41c,fa545309ed3dc794d5fd85a36b80575a,HUAWEI,NOVA 2 LITE (LDN-LX2),Android,Google
cd4326660c364e1bf427b8c888f7cba4,b7276312dfc364d0fc5b8705b5f8993f,SYMPHONY,G20,,
f0b39fb225d3d969ba9160d5a290ebb8,959976d1f594471bdd66f92ae37d1057,APPLE,IPHONE 6S PLUS (A1634 TD-LTE),iOS,Apple
d35af238e1d1b753f72c3cc1e2a961b8,1121babeb5eac3687e1e35bcaa633f18,NOKIA,105 DUAL SIM (RM-1133),Symbian OS,Symbian
ef7921172cb5ea25a17a61a87571a227,c341048f0d4a44a042026b781c763282,HOLLEY COMMUNICATION,T3,,
88ce881de380bae53d73b867fc18887c,9286e3ea6db8086544372bb4deb1116c,HUAWEI,Y3II (LUA-L03),Android,Google
28eead23095969bf19d4774d0209e583,4f38c39b40e7e51d047d5caca325bd35,SYMPHONY,"T7 ULTRA, B12, P5",Android,Google
0f1f2427c665bc8f393ad41507532ec6,81d68a77eefbea064fd17aed6ed78a25,XIAOMI,REDMI 3S DUAL SIM TD-LTE (2016030),Android,Google
ff60bc4c1e2a977bd84379d77514c874,f9676f4bf10656cb09c76511cfd9862d,LAVA,ARC 101,,
c01e0625f3eda3e8baac74531d59b48c,012711c9e1f8649ce116f7ea67481bab,HUAWEI,Y5II (CUN-L03),Android,Google
2352ece88544dc24648c677cedfea4f6,be72759939640427b4c9c350a689c52b,SYMPHONY,V75,Android,Google
1f4780b0aaeb6097078bf2292b4f2343,8d61dd47d667c27cddb02c34ac0be98a,SAMSUNG,GALAXY J7 (SM-J730F DS),Android,Google
d48ef9cda42ab897964dd2d3d0a7fa26,261181addf07659be6652f4638a94703,SYMPHONY,V85,,
cbf717cff1bf3d77061aded5c8979f9e,61cd8b39ab39ecac08f5c8f90cb145f0,SYMPHONY,D52I,,
29431a576116e6cece60d472b5a7daad,dcf5a9ab45b4163dd9e892892ab9272f,SAMSUNG,GALAXY O7 (SM-G600FY),Android,Google
df52dea738e070850b125e0751cf53d7,d9fd7157b8fd8f5e647faebc39ce0cca,SYMPHONY,P7,Android,Google
8d9b87ee20a3bd8a4dd594a95c961183,d42e987b227dfd8909fe04d55ce19493,SAMSUNG,GALAXY GRAND PRIME VE DUOS (SM-G531HDS),Android,Google
795ecec30f85a8d0b9be7af9925d8fc8,1a53d1972c1f182bc9fd174bc1766a16,SYMPHONY,D10,,
c8ac459eec59fe5f9f617db05ea06c05,88c1c9423ed3cd434807ea695528b8da,XIAOMI,REDMI NOTE 4 (2016102),Android,Google
5259b2ddec86a43991895a616eeb3e7b,c0b747040b7855524d026b38d7edb519,SAMSUNG,"J7 PRIME2 (SM-G611FF,DS)",Android,Google
9d628334a15014b5c9d866a6729087eb,e7eeedff5414a680b25b06971dfe87c1,SYMPHONY,ROAR E79,Android,Google
c67c9d9fef5a794d050ce777fcff8c8a,715aabb4645a13e6aaf59b89deeb6900,NOKIA,1680 CLASSIC,Symbian OS,Symbian
e7a9252520c2e3411b75b27ab645ab0b,5b88b86f5d0cf6f5aca4122f16249dfd,SYMPHONY,"BL50, W18, P5, A50",Proprietary OS,Proprietary OS
08a70e189b6441872dffc3d664c20d1a,9733f5a0cb7d16374aec0ba0049f78a7,ERICSSON,BYTWO M25,Symbian OS,Symbian
2e1625a0c3f535e98da84bba86c01f79,07d3ed60ce1babe14c387707395b8cf7,HTC,ONE E9 PLUS DUAL SIM TD-LTE E9PT (HTC A55),Android,Google
dac99d1276b4e9b55d570b3f3d50ed14,84df1a250f96c2a4f662bebc2f889e4d,ALCATEL,PIXI 4 (5010U),Android,Google
868ffa59cb98de29d774f0a886d29518,f14212884a61b5215d0cb1226069634c,RANGS,J201,,
f85e87547a40cd341fb5d65d0b7d9e89,e3c1aaa40444b4df9638d1c4af3643ec,XIAOMI,REDMI 5A (MCG3B),Android,Google
17042ad2081798a5e41243ab704692f0,b5d313c290ab0053a4a9ac1d1a44f368,SAMSUNG,GALAXY S DUOS II (GT-S7582),Android,Google
49eeeab07b6d421754f57d2c6525feef,1257d95f7208d593f05e9465f04146ea,SYMPHONY,ROAR V95,,
fca2242bcc9ff40ed2e2bfb5a86a2d18,01e911adac517f206d8e30fd57e6787b,ICE PHONE,"I111,I333,I555,I777,I999",,
40c97df1e361684107e697656e8990b1,da9f976f04b5c56d6b45721db9c20255,NOKIA,105 (RM-1134),Symbian OS,Symbian
91cd7249fbb6a596a893ff11481644e4,5854d3ca1fdc3192adba4c3b8d00e434,KINGSTAR,"KS-M1,KS-M2,KS-M3,KS-M5,KS-M7",Proprietary OS,Proprietary OS
f46251f088b7355abb0be6844d7482f6,b7418d4c7ad1f2d4a2203259d22f7b28,HUAWEI,Y3 2017 (CRO-U00),Android,Google
0133ac6e0b903b663bb65798fbca59e4,d797bd159288b202ff83596d6f29bc2a,ITEL,P11,Android,Google
e518091a0aa251268fcf940eeb57aba0,b04d121a9aa573a19e78944d24d7683d,SYMPHONY,V120,Android,Google
b9aa42d42348aa88b14592273e8d603c,f7f1da1c8bd57fe26454823f5d539ca8,NOKIA,130,Proprietary OS,Proprietary OS
0966d8497cf35156469f33f5cb575251,cb0a40c67879384325f5f1b3259bc5f8,WALTON,OLVIO MM14,,
59f40ebf5c4e96a9b2dd59e2a19c9912,f90343da3a3ac0532c752a15e7a0c65d,WALTON,PRIMO EF5,Android,Google
6cb32fe640f6ba1fa9f1eb57d390133f,3b91b28c977886f58210f219e4a79b5a,SYMPHONY,I10 PLUS,Android,Google
4710734688f873b784f776162772446f,badf1f53be7adfdc6f7a640e66ac3ade,SYMPHONY,Z10,,
124d53786da0ca0fc5ce97e129c3bfba,dfd41cce90cf2adb2647c4633ce00cd9,SAMSUNG,GALAXY J1 (SM-J110HDS),Android,Google
0016276a0820662549616fbd4ea0d6a7,80b9d36a5a5c9b92f2b5491fcad61dcb,LENOVO,IDEATAB A1000,Android,Google
83db3d16afb2dfdd34b59d6446e463c2,bf6fde466e4ec426c0a1023d9df43fd1,WINMAX,"BD15,BD25,BD35,BD45",Symbian OS,Symbian
941317f644f37cbf62e5cef56316ffd3,d26c2c75cb4bf494a9060ea1c59b3e0a,SAMSUNG,GALAXY J1 (SM-J100H DS),Android,Google
b13d10d48d10728f06956a4a13009a63,6c3ffe724fdbeaaa8bf5535508c8ffce,SB TEL,"SYMPHONY B12, D115",Proprietary OS,Proprietary OS
57a98eccfa261c5b2539154ea39429f1,42346e073ca185bc0240a94fd33d541b,SYMPHONY,H300,Android,Google
517c6f4893c4fd0bd88245858f76e75d,cda81f4e090933ed33ba3e5123724c71,SAMSUNG,SGH-S8003 JET,Samsung OS,Samsung
faeb6e5842a613d5dd4eb057986487a7,492bf0463318ed8b07af91f2ddba2986,,,,
7a3fa97cc27a77185f25572a9bc99d90,9025d7adfc250f6b692ff83fee676c5a,HUAWEI,Y3 (CRO-U00),Android,Google
c39e17ec21dfcbf5d0256f4afe674c6f,7652efd5d48d4313bf58965cd9910301,SYMPHONY,V34,,
908f63fba624854b0797dd2295f1761e,1ebe1e453aa1a64f932bf2e4ed193718,SYMPHONY,"W5, W100, B4I, B4",Android,Google
41d47d43b718e0ee1eb0cb65dff813b7,8e73b3af9834b9ced322aaa3e404841e,WINMAX,"BD33,BD77,BD90,BD95",Symbian OS,Symbian
3e8df37aa0b6f6fbcc463039cb4011c6,e46bfc24626cdcfa19a285fc2f2befc9,MAXIMUS,A7,,
4744cb57e4d4686e3dcf6a954af0c1b0,9f035899d475aab603178d549ab32b33,SAMSUNG,GALAXY J1 (SM-J100F),Android,Google
c4c0663b297ede9871fda8b9e3c2dcb2,666747637134f27180e69c86ee68789e,SONY,XPERIA XA1 PLUS (G3412),Android,Google
24d3b8471b804cac1f1733b32d2cb270,5b88b86f5d0cf6f5aca4122f16249dfd,SYMPHONY,"BL50, W18, P5, A50",Proprietary OS,Proprietary OS
4392c3fdedcb52f25fc006fe55b4844c,33322022b46878165f6c5125a1ee1167,NOKIA,108 DUAL SIM (RM-944),Series30,Symbian
8a1d2411004199085373c923ca6e287d,367e80f39409e2c655717835447ce936,OPPO,CPH1801,Android,Google
8c2702cc53692a9fdb96119bf6f221f3,0af6949d99eb78d6553d5331d784f054,RIYA,X 300,,
e7584baa7f6f9352dc8a176dddf86410,d0239f1b3a25521f50a3fcea2d616065,SAMSUNG,GALAXY J3 2016 DUOS (SM-J320F DS),Android,Google
c5f85bbb79b43ee733743b51e3aea88d,390aa8b4084aa4799749fc4fc0a225b1,NOKIA,105 (RM-1134),Symbian OS,Symbian
58a0a7031ac1822920335f6c3bd2cfe3,b66a9c1b56d703e15402de15a4ab690b,SAMSUNG,GALAXY J5 2016 (SM-J510F DS),Android,Google
420561357e604027899b7e976c217fce,dfdbe815072630b3c12df3692bfb82d5,SAMSUNG,GALAXY J7 DUOS (SM-J700HDS),Android,Google
c7c718261fcf7b23eb8a2ac76121dc08,2e9b77ab4123f3dbeb2af5af71844c1e,AAMRA,WE B1,Android,Google
f7d0bb941ab09452f9932a056025ba71,0588cd5bbf3025ca086af0c6214c64b0,SYMPHONY,V32,Android,Google
5b0dfc17142efe6216cf302678402583,480f5851701f59ff1db1d7f7332f17a8,SYMPHONY,T95,,
4e7fe4409406b595fbac21ceb4c8901f,fbb511fc80f3c3014875790eeeada84f,NOKIA,5130 XPRESSMUSIC,Series40,Symbian
71e6688da1e023ac901e5fbe8e28b388,65a0b9337c703fae43ecb7afe74758a4,SYMPHONY,L17,,
56644039201b4d8a3ccefb922e38f251,d4245ea9296daa3e90b802c3afc5e00d,SYMPHONY,BL20,,
02f2deb3eb5336c281abeb9cd3639d6c,b6fe827347abd4ff9988294602729e91,SAMSUNG,GALAXY A3 LTE (SM-A300F DS),Android,Google
57247a4c67ff28339e72b3c43e9a50ac,ce50b2d340065e2fd63a7a02e5d4ec5d,QUATRO MOBILE,F1453 PLUS,Android,Google
7e60b2345a105f230362becf781aeb30,cd6dce13e9379b132d56af9498bc446d,WALTON,PRIMO D8S,Android,Google
d1107d040da590ba716c16fcdbebdab4,51c0465eaa0b245a5446088d5abbec10,WALTON,PRIMO RM3,Android,Google
9ca07e9188d5df83fb69bab427f70934,3b91b28c977886f58210f219e4a79b5a,SYMPHONY,I10 PLUS,Android,Google
a54cee6512cc9cd8d5d3f1ed18717de9,5f9648949e593d4b277c73d087fccab1,SYMPHONY,"E10, E60, ZVI",Android,Google
d31b527a2e65de339bf16970d99f362a,e1a5e0c6b058641d41a9b487775a6b82,SAMSUNG,GALAXY J7 DUOS LTE (SM-J710GN DS),Android,Google
e862c65ecbf8b4e0cab38a9e363f009e,16dc9330eacb36714f91861e6187709d,HUAWEI,Y6 II DUAL SIM (CAM-L21),Android,Google
2bcc6a83952ef8bf1351215ce6d60246,165acdb176c002cd45cab78630f5405b,SYMPHONY,"V60, P6, V40, T90, ZVI",Android,Google
cfbde3676cbf8b5025a6a309767a452e,1dba5dfc8eec7e01a90cee4eff03f7b9,MYCELL,"S1, S2, S3, S4, F2",Proprietary OS,Proprietary OS
d495c663e253ba9d6c2672e06548be1d,351419e48b7ee04d08ec8bb62981931c,SYMPHONY,"L30, W69Q, W17, H100",Proprietary OS,Proprietary OS
7e43933caa5a91eaed7158540592dbb3,af8765e709e7a53cc0f67eb93552333b,APPLE,IPHONE 5 (A1429),iOS,Apple
4b3a94be22c0c5384439f117b6245062,a5fcae69b40240e21a140496a4aaf4fa,NOKIA,"ASHA 206,2060",Series40,Symbian
65b841520f842d900f2ee0452a8f58bc,366abc772c35ee189ab70474f830bdf8,RANGS,"J103, J55, Z20, J4, Z09",Proprietary OS,Proprietary OS
e880787b9d931d4da3594cf7036580f7,b821c6d5e0ccef125531049192bb85c9,SYMPHONY,P8 PRO,,
4c98098dec1b32b94130d5f5995dc730,34b31c54f0f0908395cb901a5a081e03,SAMSUNG,"GALAXY S IV MINI (GT-I9190,GT-I9192)",Android,Google
aca8627dfabaf5aa531618a4b81388b2,3a17976284ec1613d57156a7265e984d,WALTON,OLVIO P10,,
5bfff96406e7944355bd4afefa098ac3,f6028db2c8618fb1498527636dbe176a,SYMPHONY,B17,,
e6c000c246b57509b504a74065bf4281,ee73cd1cb74619b780ccb34406482160,,,,
f16244c8157f7212555182297d1f4293,97d71c5705b88d5350190afa5fea6fa6,SYMPHONY,FT10,Proprietary OS,Proprietary OS
bd5a9db1df509d4495ca6810b2239784,e41a0390b67b5ef2a1e1aff042ec8939,SAMSUNG,GALAXY J7 DUOS LTE (SM-J710F DS),Android,Google
c51b9628a80ee50e2abbe332907ea019,36387a1b486cfa11f7b58994ca8ffd0b,QPHONE,"Q10,Q20,Q30,Q40,Q50",Proprietary OS,Proprietary OS
a0619bd7aeee41cd6ac2dde379d8da21,71ff18f7fbf632676dcb4709e47f1458,SMARTA,B21,,
f7ef2e130dee0bb844d7d949afe1a3b1,4c4daae610608092e66a6b968ec7444a,SYMPHONY,BL90,,
be9a8ce2d49365b3336580cab7d5c378,33adce6d1b4d5b0cb3b2b712b3680e63,WALTON,PRIMO HM4 PLUS,Android,Google
dad22c2689ddedb29a943d592f03c3b5,42a946abcc9d0077a930d94b6cc33e21,NOKIA,105 SS (TA-1010),Proprietary OS,Proprietary OS
3c0d6492a591ef26f8a57fa06cc71396,340b5ca394010ad80ea875be66a225fb,SAMSUNG,GALAXY GRAND (GT-I9060I DS),Android,Google
49e9b3ea1dfdd74a2bcb7341d9be4579,36f95bdfed558b60b4633e207f1a9934,NOKIA,105 DUAL SIM (RM-1133),Symbian OS,Symbian
8724903cc1c484ac57c9b6aa5ec5901b,e312686240186ac665f6f3216616d52e,SPORTS,"SP1, SP3, SP7, SP9, SP10",Proprietary OS,Proprietary OS
dd490c6cd277009c87a449c558ffb65b,60a53011714b73dc83a849a5d3e61fdb,SAMSUNG,GALAXY S DUOS II (GT-S7582),Android,Google
a19f1d8a3665af844a03127e68b71cf9,9d8db87f3f9002eaf852d766b2f425e5,XIAOMI,REDMI NOTE 4 (2016102),Android,Google
69c2e6ca2c9805034ccc407b49425084,2f63b5598d57d267b61ef57005406a03,SYMPHONY,D52J,,
84c3a09533687b5c85886c01d21d1af1,f27e4d0ec74b2133783dd316f209d5f1,XIAOMI,REDMI NOTE 5A (MDG6),Android,Google
fb1a5a40990762a258169a52607e4615,f784c54c5bd1f902ca99e321f3c9c57c,APPLE,IPHONE 7 PLUS (A1784),iOS,Apple
8a28eaa3df65c18ab368a8229f7eba25,91ebc6b5482d05880ef0bc19a9c9f6e0,WALTON,OLVIO L9,,
adb5aa3b2dc1edcaed042aad4851013d,2959fdcc525e80660a8e7f680eab71a9,SAMSUNG,GALAXY J1 (SM-J100H DS),Android,Google
d170e3cb1b07b69d54bdce9e74c0ca09,fc1a36daef83627067c495147d82344b,SYMPHONY,D105,,
4f847776a9e83c5346463d4f7c21767e,ad64368ee3ee572f421dc2029b5766c4,WALTON,OLVIO L7,,
c1a9cf3be2f54ec610927a4fbc5347ff,32f312df63b65cc77939ae0af0fe52c8,NOKIA,130,Proprietary OS,Proprietary OS
4282e05942dd08832393bd013e64fe95,18acf81c5922cf4c555ab660c0aede8d,SAMSUNG,GALAXY J7 (SM-J701F DS),Android,Google
b28cafae0e5c11a3ce9e73c2b6f73635,8738747c643c1ebdb59996c118d8da8b,,,,
729d6a12779e68fd0655e204ff11c7cd,157ab71eb007998f57292ac5b8bcbdf1,SB TEL,"BL60, D54I",Proprietary OS,Proprietary OS
1faa8153cec9dea6babd08ab269c0cd3,68492f3a19d5704ef4b16c0a20d13a74,SAMSUNG,GALAXY GRAND (GT-I9060I DS),Android,Google
e6bae3f97ea8f41c8263170ab04b6b0f,157ab71eb007998f57292ac5b8bcbdf1,SB TEL,"BL60, D54I",Proprietary OS,Proprietary OS
